feature	Peptoniphilaceae	Oscillospiraceae	Lachnospiraceae	Campylobacteraceae	Phyllobacteriaceae	Pseudomonadaceae	Peptostreptococcaceae	Streptococcaceae	Clostridiaceae	Veillonellaceae	Enterobacteriaceae	Lactobacillaceae	Eubacteriales_unclassified_order	Anaerovoracaceae	Lysobacteraceae	Bacteroidaceae	Propionibacteriaceae	Moraxellaceae	Rhizobiaceae	Staphylococcaceae	Oxalobacteraceae	Eubacteriales.Family.XIII..Incertae.Sedis	Enterococcaceae	Pasteurellaceae	Planococcaceae	Corynebacteriaceae	Bacillaceae	Brucellaceae	Burkholderiaceae	Gemellaceae	Fusobacteriaceae	Tannerellaceae	Carnobacteriaceae	Prevotellaceae	Porphyromonadaceae	Sphaerotilaceae	Atopobiaceae	Yersiniaceae	Sphingomonadaceae	Aerococcaceae	Natronincolaceae	Erwiniaceae	Acidaminococcaceae	Pectobacteriaceae	Bruguierivoracaceae	Vibrionaceae	Actinomycetaceae	Microbacteriaceae	Morganellaceae	Methylobacteriaceae	Hafniaceae	Methylocystaceae	Comamonadaceae	Burkholderiales_unclassified_order	Selenomonadaceae	Aeromonadaceae	Filifactoraceae	Tissierellaceae	Neisseriaceae	Rhodocyclaceae	Flavobacteriaceae	Listeriaceae	Sterolibacteriaceae	Devosiaceae	Chromobacteriaceae	Weeksellaceae	Alcaligenaceae	Acetobacteraceae	Sphingosinicellaceae	Hyphomicrobiaceae	Micrococcaceae	Caulobacteraceae	Nitrobacteraceae	Nautiliaceae	Zoogloeaceae	Boseaceae	Hyphomicrobiales_unclassified_order	Stappiaceae	Erythrobacteraceae	Gallionellaceae	Nostocaceae	Beijerinckiaceae	Xanthobacteraceae	Blastochloridaceae	Paracoccaceae	Stellaceae	Roseobacteraceae	Azospirillaceae	Betaproteobacteria_unclassified_class	Synechococcaceae	Oscillatoriaceae	Zymomonadaceae	Rhodospirillaceae
2021_11_16_negKO1_16S_PMAPS	6148	1027	1420	207	256	25	819	1259	212	1386	1780	136	143	367	4	105	54	22	15	3	10	50	131	622	0	1	1	1	24	191	0	2	46	208	1	30	10	5	29	87	3	4	256	0	0	1	4	0	0	27	2	0	46	46	49	0	0	2	63	2	12	1	0	0	0	0	33	0	1	0	0	10	0	0	0	0	0	1	0	0	0	0	0	0	0	0	0	0	0	0	0	0	0
2021_11_16_negKO3_16S_PMAPS	2775	1	665	1271	107	20	799	68071	6	49543	1337	1698	1	1	76	41	2	0	2	72	70	0	4196	1254	0	0	36	2	31	6271	232	67	1737	2532	112	73	17	43	166	21666	8	9	17	8	1	3	194	0	2	5	3	0	145	95	1856	1	74	1	183	41	1595	4	0	5	0	9	1	1	2	0	4	0	2	0	0	0	0	0	1	0	0	0	6	0	1	1	1	0	0	0	0	0	0
2021_11_16_negKO2_16S_PMAPS	22531	9727	34249	97	6849	1	8919	9773	1353	88499	6749	1769	1096	1169	0	267	2030	204	171	7053	690	269	17	21	3	56	9	38	312	438	199	725	84	386	53	1	0	291	894	10	2	16	924	7	2	0	251	0	5	1	11	0	248	12	112	587	14	11	5	46	0	217	29	4	0	0	0	0	9	0	0	1	1	3	84	0	0	8	1	2	33	0	2	1	11	3	0	0	6	19	0	0	0
2022_04_20_neg_ctrl3_16S_PMAPS	146	0	0	0	22	93	0	3007	0	984	709	164	1	0	0	0	676	250	1	1	2	0	89	0	319	0	275	1	4654	612	0	0	59	12	0	0	0	1	2015	30	0	2	0	0	1	0	3	0	0	0	2	0	0	0	12	7	0	0	581	0	0	0	0	0	0	0	3	0	35	0	39	0	2	0	0	0	0	0	6	0	0	0	0	0	0	0	0	0	0	0	0	1	0
2022_04_20_neg_ctrl2_16S_PMAPS	1107	77	7	0	753	0	442	315	0	123	0	0	0	0	0	100	0	0	3	0	45	0	0	0	3	0	117	9	0	0	4	0	1	0	0	0	0	0	8593	0	0	0	0	0	0	0	0	0	1	0	0	0	0	0	0	0	0	0	596	0	541	0	0	0	0	115	0	0	132	0	0	0	0	0	0	0	0	3	11	0	2	0	0	0	0	0	0	0	0	0	0	8	0
2022_04_20_neg_ctrl1_16S_PMAPS	12116	431	1678	933	9	21	4677	760	35	2031	3808	69	93	480	61	30	0	0	0	19	157	121	29	106	0	0	0	0	2524	0	18	74	13	286	28	27	19	15	1982	37	13	12	72	3	5	1	1	0	4	27	20	0	27	2	0	1	5	6	0	0	0	0	1	0	1	0	5	4	34	1	0	0	630	0	0	1	0	0	5	0	0	0	0	1	18	0	0	0	0	0	0	1	0
2022_04_20_neg_ctrl4_16S_PMAPS	0	0	0	0	25	16	0	472	0	443	0	0	0	0	0	0	9	5	0	17	2	0	3	137	0	0	0	0	3354	1	0	0	3	13	0	0	0	4	486	2	0	0	1	0	0	0	0	0	0	0	0	0	2	1	0	0	0	0	92	0	0	0	0	0	0	0	3	0	4	0	30	0	0	0	0	0	0	0	0	0	0	0	0	0	0	0	0	0	1	0	0	0	0
2022_07_11_neg KO 1_16S_PMAPS	631	9	3101	589	96	25	1688	15886	46	7491	7	47	5	1586	0	30	237	27	0	116	24	300	528	4421	0	215	14	1	17501	2182	4958	658	224	1742	155	1	345	3	1973	675	11	1	7	0	1	38	1037	0	1	0	0	0	4	0	1423	0	513	0	901	1	388	0	0	0	0	5	5	0	39	0	419	0	0	1	1	0	0	0	3	1	0	0	0	0	0	0	0	0	0	0	0	0	0
2022_07_11_neg KO 2_16S_PMAPS	269	0	3090	482	256	0	723	14125	75	8852	6	17	3	227	0	1	25	59	1	92	2	71	322	4938	0	18	5	1	14945	1130	1199	13	138	1002	3	0	15	2	131	223	9	4	15	2	0	29	230	0	3	21	0	0	2	0	1567	0	388	0	195	0	34	0	1	0	4	255	3	0	0	0	112	0	0	0	0	0	0	1	0	0	0	0	0	0	0	0	0	0	0	0	0	0	0
2022_07_11_neg KO 3_16S_PMAPS	2770	414	440	1073	1	0	66	397	8	275	311	1	64	69	0	41	0	0	0	22	0	157	9	56	0	0	0	0	207	12	13	0	4	18	17	0	0	0	43	9	0	0	0	1	0	1	4	0	0	2	0	0	1	0	0	0	1	1	1	0	0	0	0	0	0	0	0	0	1	0	0	1	0	0	0	0	0	0	0	0	0	0	0	0	0	0	0	0	0	0	0	0	0
2022_07_11_neg KO 4_16S_PMAPS	0	0	1	0	15	0	0	832	0	95	1	2	0	0	0	0	1	139	0	0	0	0	6	476	0	2	1	0	9	170	28	2	0	0	2	0	0	1	13	0	0	0	0	0	0	0	0	0	0	0	0	0	7	0	0	0	0	0	124	0	0	0	0	0	0	0	0	0	0	0	0	3	0	0	0	0	0	0	0	0	0	0	0	0	9	0	0	10	0	0	0	0	0
2022_07_11_neg KO 5_16S_PMAPS	58	13	17	23	4	0	35	4231	3	525	0	21	0	2	4	0	8	27	1	126	0	2	131	674	0	6	1	0	317	338	2	1	45	2	9	0	0	4	227	148	0	0	11	0	0	0	2	0	0	0	0	0	0	1	0	0	0	0	86	1	0	0	0	0	0	0	0	0	4	0	0	1	0	0	0	0	0	0	1	0	0	0	0	0	0	0	0	0	0	0	0	0	0
2022_08_17_neg KO 1_16S_PMAPS	0	0	0	0	0	76	0	577	0	62	1	3	0	0	0	0	12	137	0	1	415	0	54	43	0	0	0	0	3479	138	0	0	21	0	0	37	0	0	994	30	0	0	0	0	0	0	0	0	0	0	0	0	9	0	0	0	0	0	0	0	0	0	1	0	0	0	96	0	24	0	0	0	0	0	0	0	0	0	0	0	0	0	0	0	0	0	0	0	1	0	1	0	0
2022_08_17_neg KO 2_16S_PMAPS	3360	440	636	2122	1	0	69	402	15	352	1094	0	42	59	0	80	0	0	0	49	0	137	7	138	0	0	0	0	233	0	75	0	0	42	9	0	0	2	2	1	1	6	0	1	0	0	20	0	2	0	4	0	11	4	1	0	0	0	46	0	0	0	1	0	0	0	0	0	0	0	0	0	0	0	0	0	0	0	0	0	0	0	0	0	25	0	0	0	0	0	0	0	0
2022_08_17_neg KO 3_16S_PMAPS	265	107	141	34	151	0	104	1492	7	325	0	0	58	27	11	3	18	1	0	136	0	12	0	33	0	0	0	0	62	110	0	0	0	6	0	161	0	0	1888	0	0	0	0	0	0	0	0	0	0	0	0	0	4	0	0	0	0	0	0	0	0	0	0	0	0	0	0	0	32	0	107	0	84	0	0	1	0	0	2	0	1	0	0	2	0	0	0	0	0	0	0	1	0
2022_08_17_neg KO 4_16S_PMAPS	34	0	405	6	218	3	695	18578	4	2923	139	110	0	11	0	10	1	49	1	214	132	625	2031	2051	0	2	8	1	80	2416	133	17	880	241	56	0	0	1	98	1020	4	0	0	0	0	15	101	0	0	0	0	0	5	0	11	0	0	0	1816	0	30	0	0	0	0	4	2	0	2	0	0	3	3	0	0	0	0	0	0	0	1	0	0	0	0	0	0	0	0	0	0	0	0
2022_08_17_neg KO 5_16S_PMAPS	221	0	542	255	1167	0	224	9377	17	2503	0	400	0	75	0	11	19	7	3	1021	0	30	4	453	0	0	2	5	1	1576	85	3	0	199	8	0	0	0	18646	976	0	1	4	0	0	0	5	0	0	0	0	0	0	0	443	0	0	0	642	0	28	0	0	0	0	0	0	0	342	0	0	0	18	1	0	0	0	0	21	0	4	0	0	0	0	0	0	0	0	0	0	8	0
2023_01_17_neg_KO_OSR1_16S_PMAPS	18	0	0	20	10	1	0	1006	0	202	2156	0	0	0	74	0	3	18	0	27	155	0	23	156	0	0	0	0	2385	76	30	0	11	2	6	266	0	6	393	89	0	7	1	0	2	1	18	0	0	0	3	0	6	1	0	0	0	0	80	0	3	0	1	0	1	0	4	0	5	0	0	1	0	0	0	0	0	0	0	0	0	0	0	0	0	0	0	0	0	0	0	0	0
2023_01_17_neg_KO_UNB2_16S_PMAPS	2	0	1	0	0	2	0	4278	0	395	15	0	0	0	0	0	0	0	0	0	36	0	8	6290	0	0	28	0	267	2592	7	1	4	0	3	0	0	102	0	2	0	4	0	2	1	11	0	0	1	0	0	0	0	0	0	0	0	0	560	0	0	0	0	0	0	0	0	0	0	0	0	0	0	0	0	0	0	0	0	0	0	0	0	0	0	0	0	0	0	0	0	0	0
2023_01_17_neg_KO_SCU3_16S_PMAPS	0	0	11	0	100	0	110	4191	0	3727	0	158	0	0	4	0	26	5	1	4	43	0	53	943	0	7	0	0	16893	92	31	0	21	30	1	623	11	0	86	2648	0	0	1	0	0	2	0	0	0	1	0	0	48	2	11	0	0	0	122	0	49	0	0	0	0	0	5	0	4	0	0	43	55	0	0	1	0	0	0	0	0	0	0	1	0	1	0	6	1	0	0	0	2
2022_12_20_neg_KO3_16S_PMAPS	0	0	2	3	0	19	0	1190	0	250	180	3	0	0	0	0	13	72	589	3	48	0	102	298	11	0	10	5	30897	222	0	12	43	0	61	347	0	235	336	36	0	3	0	2	0	0	0	0	3	0	3	0	2	1	0	0	0	0	5	0	6	0	2	0	0	0	2	0	0	0	0	0	1	0	0	0	0	0	0	0	5	0	0	0	0	0	0	0	0	5	0	0	0
2022_12_20_neg_KO1_16S_PMAPS	220	14	137	111	8	0	8	601	9	52	15	0	4	4	123	0	0	0	81	111	2612	0	83	62	0	0	2	1	247	0	0	0	0	0	0	370	0	0	894	0	1	0	0	0	0	0	0	0	0	0	0	0	28	1	0	0	0	0	0	0	15	0	0	0	0	0	49	0	9	0	0	3	29	0	0	1	0	1	1	0	1	0	0	1	35	0	1	0	2	0	0	0	0
2022_12_20_neg_KO4_16S_PMAPS	446	6	0	0	0	0	0	8950	0	11075	0	0	0	0	0	0	320	162	0	408	446	0	5	1057	0	9	2	0	66131	3010	911	135	0	469	146	237	0	0	682	3651	0	0	0	0	1	0	125	0	0	0	0	0	8	3	46	1	0	0	652	0	2268	0	0	0	1	0	4	0	0	0	309	0	176	1	1	0	0	0	5	0	2	0	0	0	0	1	0	0	1	0	0	1	0
2022_12_20_neg_KO5_16S_PMAPS	0	0	0	0	0	0	0	4490	0	676	0	0	0	0	0	0	19	0	0	0	659	0	2	2	0	2	1	0	28486	3	1	0	1	0	0	2998	0	0	11024	2	0	0	0	0	0	0	0	0	0	1	0	0	37	3	391	0	0	0	20	0	45	0	0	0	0	0	4	1	169	0	0	0	27	0	0	0	0	0	6	0	2	0	0	1	24	0	0	2	0	0	0	2	0
2022_12_20_neg_KO2_16S_PMAPS	1425	258	1652	2206	238	4	2211	86816	57	13400	191	30	89	848	0	42	103	521	1	190	7	13	889	64659	0	51	11	2	5509	7747	3002	134	356	1443	482	4563	0	142	8879	2989	18	41	64	37	3	57	132	0	14	1	0	0	283	9	1184	1	1564	0	6505	0	255	0	0	1	3	747	1	0	126	1	189	1	600	0	1	9	0	8	6	1	2	0	0	13	0	0	0	0	10	0	0	3	0
2023_06_26_NCT_1_gem_Ext_16S_pda_mice_kpc	89	0	12	0	1064	19	0	1658	1	2577	50	0	0	312	0	1	3091	28	3	1170	217	0	16	3	0	4	0	2	422	209	0	0	2	4339	1	37	3	3	812	2	0	0	8	0	0	0	1763	0	0	0	0	0	2	0	5	0	0	0	94	0	0	1	0	0	0	0	0	0	11	0	292	0	0	0	0	0	0	0	1	0	5	0	0	0	0	0	0	0	0	6	0	0	0
2023_06_26_NCT_2_gem_Ext_16S_pda_mice_kpc	0	60	400	44	438	0	0	1746	6	2061	129	61	0	418	0	0	3390	0	0	2601	0	0	98	0	1	31	25	0	379	353	60	10	31	4550	25	0	172	0	169	54	0	0	5	0	0	0	3514	0	0	57	0	0	0	0	2	0	0	0	0	0	0	0	0	0	0	50	0	0	2	0	431	0	0	1	0	0	0	0	0	0	0	0	0	0	0	0	0	0	0	0	0	0	0
2023_06_26_NCT_1_acid_Ext_16S_pda_mice_kpc	0	0	3	0	2919	0	0	942	0	1060	39	0	0	145	0	0	781	28	5	0	182	0	0	0	0	0	1	9	615	340	0	0	0	2538	0	22	157	0	421	0	0	0	2	0	0	0	1332	0	0	2	0	20	47	120	0	0	0	0	0	0	0	0	0	0	0	1	2	204	3	0	116	1	0	0	0	0	0	0	1	0	0	0	0	0	251	0	251	0	0	0	0	0	1
2023_06_26_NCT_2_acid_Ext_16S_pda_mice_kpc	5	0	0	0	1042	0	0	1707	1	1182	25	10	0	48	0	0	1048	1	2	0	1	0	178	0	0	0	2	3	140	239	183	0	29	1763	0	0	28	0	1145	31	0	0	0	0	0	0	2799	0	0	708	0	0	0	0	1	0	0	0	0	0	0	0	0	0	0	0	0	1	5	0	218	2	0	0	0	0	0	0	1	0	3	0	0	0	0	0	0	0	0	7	0	0	0
2023_06_26_NCT_6_16S_PDA-MAPS	0	1	0	0	2255	1	0	8524	0	33	70	4	0	0	0	0	69	157	12	450	0	0	56	1506	0	0	4	22	708	298	0	0	19	2	5	341	0	1	809	25	0	2	0	0	0	0	0	0	1	1	1	0	10	5	0	0	0	0	469	0	0	0	0	0	0	1	0	0	16	0	84	0	0	0	0	0	0	0	1	0	9	0	0	0	0	0	0	0	0	0	11	0	0
2023_06_26_NCT_7_16S_PDA-MAPS	0	0	0	0	1	0	0	6322	0	0	1349	0	0	14	52	0	4	213	1	678	612	0	3	3070	0	0	33	0	854	344	0	2	0	0	3	157	0	91	9712	27	1	4570	0	13	3	3	0	0	26	0	21	0	95	0	0	6	0	0	0	0	0	0	0	84	0	0	0	70	154	0	21	0	1	0	0	0	0	0	26	0	3	2	0	0	0	0	0	0	0	0	0	5	0
2023_06_26_NCT_1_16S_PDA-MAPS	4	0	0	0	0	0	0	2562	0	2	11	1	0	0	0	0	0	175	6	0	188	0	1	273	0	0	0	0	1370	95	106	0	0	0	0	108	0	1	72	1	0	63	0	0	0	0	0	0	0	1	1	0	6	1	0	0	0	0	2	0	40	0	0	67	0	0	0	0	0	0	0	0	4	0	0	0	0	0	0	0	0	0	0	0	2	0	0	1	0	0	0	0	0
2023_06_26_NCT_5_16S_PDA-MAPS	0	0	16	26	0	0	0	964	0	119	0	2	0	0	0	0	0	0	0	0	0	0	23	58	5	0	3	0	2	53	0	0	10	0	0	1	0	0	184	51	0	0	0	0	0	0	0	0	0	0	0	0	0	0	0	0	0	0	53	0	0	0	0	0	0	0	0	0	4	0	0	0	0	0	0	0	0	0	0	0	0	0	0	0	0	0	0	0	0	0	0	0	0
2023_07_06_P0168841_16S_pda_human_ffpe	216	1	5	0	9	0	0	2762	6	2385	53	15	0	68	0	0	500	1	3	2	0	0	279	0	0	0	3	0	2	622	0	0	90	1077	4	0	144	0	814	86	0	0	8	0	0	1	1806	0	0	325	0	3	1	0	9	0	0	0	66	0	0	0	0	3	1	0	3	124	1	1	11	289	2	0	0	2	0	4	2	0	7	4	8	0	3	0	0	8	0	11	3	3	0
2023_07_06_P007019_16S_pda_human_ffpe	0	0	2	0	27	0	0	564	7	1189	75	0	0	89	0	2	573	93	10	234	2	0	2	0	0	0	15	9	3	2	208	0	2	2343	2	5	223	0	391	1	0	0	3	0	0	0	1730	41	2	393	0	0	10	10	7	0	0	0	1	6	118	0	10	0	0	0	0	6	1	0	227	188	1	0	1	0	0	0	0	12	3	0	3	1	297	0	1	46	1	5	0	0	109
2023_08_21_Digestion buffer_16S_pda_mice_ffpe	2	0	0	0	2	0	0	3426	1	0	266	0	0	0	0	0	2836	0	0	4	0	0	1	0	0	1	0	0	0	0	0	0	1	0	0	0	0	0	40705	0	0	0	0	0	0	0	0	0	1	0	0	0	0	0	0	0	0	0	0	0	0	0	0	0	0	0	0	0	568	0	169	0	1051	0	0	0	0	0	28	0	0	0	0	0	0	0	0	0	0	0	0	3	0
2023_08_21_AN850_16S_pda_mice_ffpe	2	917	0	0	0	0	0	3838	0	1240	547	185	0	0	0	0	3159	0	0	8315	0	0	2525	0	0	308	5	0	0	0	0	0	248	0	0	0	0	0	35550	415	0	0	0	0	0	0	113	1	0	1528	0	1	0	0	0	0	0	0	0	0	0	1	0	0	0	0	0	0	440	0	0	0	1892	0	0	0	0	0	29	0	2	0	1	0	0	2	0	0	0	0	0	4	0
2023_08_21_AN851_16S_pda_mice_ffpe	6118	0	0	0	0	1	0	4743	0	515	266	44	0	0	0	0	6079	542	0	1338	0	0	1985	0	0	935	2	0	0	0	0	0	0	0	0	0	1	0	30688	0	0	0	0	0	0	0	0	3	0	1	0	0	0	0	1	0	0	0	0	0	0	0	0	0	0	0	0	0	380	0	3715	0	498	0	0	0	0	0	23	0	0	0	0	0	1154	0	0	0	0	0	0	0	0
2023_08_21_AN1044_16S_pda_mice_ffpe	2228	0	0	0	1	0	0	769	2	0	140	1	0	0	0	0	21497	63	0	384	0	0	0	0	0	1	0	0	0	0	0	0	0	0	0	0	0	0	18777	0	0	0	0	0	0	0	0	2	0	1	0	0	0	0	1	0	0	0	0	0	0	0	0	0	0	60	0	0	252	0	1	0	1646	0	0	0	0	0	12	0	0	0	0	0	1	0	0	0	0	0	0	1	0
2023_08_21_AN1100_16S_pda_mice_ffpe	4300	0	0	142	0	0	0	1389	0	0	174	190	0	1	2957	0	6233	0	0	4	1	0	241	0	18	428	1586	0	1	0	0	0	208	0	0	0	0	0	22785	449	0	0	0	0	0	1	59	1	0	1	0	0	0	0	0	0	0	0	0	0	0	3	0	0	0	0	0	2	151	0	33	5016	183	0	0	0	0	0	67	0	2	0	0	0	1	1	0	0	0	0	0	1	0
2023_08_21_AN986_16S_pda_mice_ffpe	1655	0	0	0	0	3	0	51	0	0	163	0	0	0	280	0	1842	1	0	2778	0	0	0	0	0	0	0	0	0	0	0	0	0	0	0	0	0	0	35971	0	0	0	0	0	0	0	0	1	0	0	0	0	0	0	1	0	0	0	0	0	0	0	0	0	0	0	0	0	416	0	290	1	896	3	0	0	0	0	76	0	1	0	0	0	0	1	0	1	0	0	0	2	0
2023_08_21_AN912_16S_pda_mice_ffpe	1572	0	0	0	0	0	0	5535	0	0	208	0	0	0	677	0	981	234	1	2639	0	0	1	0	0	0	0	0	0	0	0	0	0	0	0	0	0	0	27889	0	0	0	0	0	0	0	0	0	0	485	0	0	0	0	0	0	0	0	0	0	0	0	0	0	0	0	0	0	325	0	0	804	999	0	0	0	0	0	42	0	3	0	0	0	1	0	0	0	0	0	0	5	0
2023_08_21_AN1078_16S_pda_mice_ffpe	0	1	0	475	0	7	0	798	5	0	198	0	0	0	1454	0	6856	0	0	952	0	0	0	0	0	321	0	0	0	0	0	0	0	0	0	0	0	0	30156	0	0	0	0	0	0	0	0	2	1	1855	0	0	0	0	0	0	0	0	0	0	0	0	0	0	0	0	0	0	378	0	911	659	0	0	0	0	0	0	71	0	2	0	0	0	0	2	0	1	0	0	0	2	0
2023_08_21_AN1023_16S_pda_mice_ffpe	8658	0	0	0	0	0	0	1350	2	821	194	0	0	0	320	3	14734	2	1	1295	0	0	0	0	0	109	0	0	0	125	0	0	0	243	0	0	0	0	16198	0	0	0	0	0	0	0	0	0	1	2	0	0	0	0	0	0	0	0	0	0	1	0	0	0	0	806	0	0	179	0	0	0	1650	1	0	0	0	0	15	0	0	0	0	0	0	0	1	1	0	0	0	0	0
2023_08_21_AN866_16S_pda_mice_ffpe	728	0	0	122	7	0	0	1112	0	0	350	0	0	0	500	0	4085	756	375	3627	854	0	1	0	0	0	469	2	0	0	0	0	15	0	0	0	0	0	24549	0	0	0	0	0	0	0	0	0	1	2483	0	2	469	8	0	0	0	0	0	0	0	1	0	0	0	0	0	0	284	0	835	1297	438	0	0	1	0	0	36	0	4	1	1	0	5213	0	66	1	0	0	0	0	0
2023_01_11_NCT_1_16S_EKT	42	2228	6439	57	634	2	293	23884	42	1376	26	75	143	13	0	27	0	1	1	126	31	0	1237	6059	0	2	13	6	249	3394	82	8	499	33	37	148	0	10	309	600	0	6	2	4	0	27	3	0	6	0	0	0	3	4	12	0	0	0	62	0	11	1	0	0	0	30	0	0	6	0	0	0	10	0	0	0	0	0	0	0	0	0	0	0	16	0	1	0	0	0	0	0	0
2023_01_11_NCT_5_16S_EKT	2	24	99	0	18	1	0	671	0	34	0	0	1	0	0	0	1	1	0	0	0	0	9	218	0	0	9	0	4	86	1	1	4	1	0	0	0	0	8	22	0	0	0	0	0	2	0	0	0	0	0	0	0	0	0	0	0	0	2	0	0	0	0	0	0	0	0	0	2	0	0	0	0	0	0	0	0	1	0	0	0	0	0	0	0	0	0	0	0	0	0	0	0
2023_01_11_NCT_2_16S_EKT	9	528	1482	0	97	0	0	455	22	29	0	3	61	0	0	1	6	0	0	286	0	0	11	239	0	0	1	1	34	37	5	0	6	59	0	0	0	0	384	2	0	0	1	0	1	0	0	0	0	13	0	0	3	0	0	0	0	0	53	0	0	1	0	0	0	0	0	0	7	0	0	0	0	0	0	2	0	0	1	0	0	0	0	0	0	0	0	0	0	0	0	0	0
2022_11_18_Nct_05_16S_PDA-MAPS	0	0	31	0	44	1	0	662	0	0	9936	0	0	0	0	0	0	5	0	163	112	0	0	0	0	0	0	0	6715	0	0	0	0	0	0	0	0	37	1254	0	0	47	0	4	10	5	0	0	5	50	16	0	1	0	0	1	0	0	2	0	24	0	0	0	0	0	3	0	21	0	0	0	0	0	0	0	0	0	1	1	1	0	0	0	0	0	0	0	0	0	0	0	0
2022_11_18_Nct_01_16S_PDA-MAPS	0	0	0	0	0	0	0	0	0	0	6	0	0	0	0	0	0	0	0	6	2	0	0	0	0	0	2	0	1252	6	0	0	0	0	0	2	0	0	2	0	0	0	0	0	0	0	0	0	0	12	0	0	2	2	0	0	0	0	0	0	0	0	0	0	0	0	0	0	0	0	0	0	0	0	0	0	0	0	0	0	0	0	0	0	0	0	0	0	0	0	0	0	0
2022_11_18_Nct_02_16S_PDA-MAPS	0	0	0	0	9	0	0	1	0	0	0	0	0	0	0	0	3	23	0	46	0	0	33	0	0	0	0	0	3541	0	0	0	0	0	0	4	0	0	36	0	0	0	0	0	0	0	0	0	0	0	0	0	12	5	0	0	0	0	2	0	0	0	1	0	0	0	1	0	0	0	0	0	0	0	0	0	0	0	0	0	0	0	0	0	4	1	0	0	0	0	0	1	0
2022_11_18_Nct_03_16S_PDA-MAPS	0	0	0	0	6	5	0	18	0	0	7	0	0	0	0	0	5	23	0	4	5	0	0	0	0	0	0	0	3137	0	0	0	4	0	0	16	0	36	103	0	0	0	0	0	0	0	0	0	1	3	0	0	6	15	0	1	0	0	3	0	0	0	0	0	0	0	0	0	14	0	0	0	0	0	0	0	0	0	0	0	0	0	0	0	0	1	0	4	0	0	0	0	0
2022_11_18_Nct_04_16S_PDA-MAPS	0	0	47	0	40	0	0	12685	0	3217	26	77	0	0	0	0	2	10	0	1	2	0	107	0	1	0	6	1	11447	0	0	0	30	0	0	0	0	1	691	37	0	24	0	0	0	0	7	0	0	0	2	0	1	0	0	0	0	0	0	0	0	0	0	0	0	0	3	1	16	0	42	0	0	0	0	0	0	0	1	0	0	0	0	0	0	0	0	0	0	0	0	0	0
2022_11_18_Nct_11_16S_PDA-MAPS	0	0	0	0	31	6	0	13	0	0	1	0	0	0	0	0	0	18	1	25	10	0	0	0	0	0	0	1	272	29	0	0	0	0	0	395	0	22	24	0	0	0	0	0	0	0	0	0	0	0	1	0	8	0	0	0	0	0	0	0	0	0	0	0	0	0	0	0	0	0	0	0	23	0	0	0	0	1	0	0	0	0	0	0	0	0	0	0	0	0	0	0	0
2022_11_18_Nct_10_16S_PDA-MAPS	5	0	0	0	4	0	0	1275	0	15	3139	0	0	0	0	0	0	5	0	0	38	0	1	0	0	0	0	0	175	25	0	0	1	0	0	51	0	15	154	1	0	10	0	1	1	1	0	0	2	0	4	0	11	0	0	0	0	0	0	0	0	0	0	0	0	0	0	0	4	0	6	6	0	0	0	0	0	0	0	0	0	0	0	0	0	0	0	0	0	0	0	0	0
2022_11_18_Nct_07_16S_PDA-MAPS	0	0	0	0	4	0	0	13	0	0	0	0	0	0	320	0	0	28	1	119	9	0	0	0	0	0	69	1	12336	0	0	0	0	0	0	326	0	0	2163	0	0	0	0	0	0	0	0	0	0	7	0	0	308	24	0	0	0	0	4	6	0	1	2	0	4	0	6	4	45	0	7	0	276	0	1	6	0	0	36	0	21	0	3	4	6	0	4	3	0	0	0	0	4
2022_11_18_Nct_08_16S_PDA-MAPS	0	0	0	0	0	171	0	4621	0	0	8	179	0	0	0	0	100	477	3	1571	110	0	114	117	0	0	403	1	0	205	0	0	52	0	0	0	0	0	2470	556	0	0	0	0	0	0	0	0	0	0	0	0	135	0	0	0	0	0	203	202	5	1	1	56	0	0	0	0	31	0	1	43	0	0	0	0	0	0	5	1	15	0	0	0	264	0	1	0	0	4	1	1	0
2022_11_18_Nct_09_16S_PDA-MAPS	0	711	1116	0	14	7	0	547	23	182	44	0	29	26	0	2	1	0	0	0	30	0	34	0	0	0	1	0	0	0	0	7	0	6	1	0	0	0	113	0	0	1	1	0	0	0	0	0	0	10	0	0	0	0	0	0	0	0	0	0	0	0	0	0	0	0	0	0	2	0	0	0	0	0	0	0	0	0	0	0	1	0	0	0	0	0	0	0	0	0	0	0	0
2022_11_18_Nct_06_16S_PDA-MAPS	0	0	0	0	13	10	0	0	0	0	0	0	0	0	0	0	0	43	0	0	3	0	0	0	0	2	0	0	4591	0	0	0	0	0	0	0	0	30	5460	0	0	0	0	0	0	0	0	0	1	0	0	0	18	1	0	0	0	0	2	0	0	0	0	0	1	0	1	0	97	0	0	0	0	0	0	0	0	0	7	0	0	0	0	0	68	0	0	0	0	0	0	1	0
2021_12_13_nct_1_16S_PDA-MAPS	87	601	985	136	153	0	104	5387	14	395	81	101	9	8	0	40	0	118	4	78	4	0	52	53	0	0	7	0	45	12	137	8	3	0	0	2	0	42	55	37	0	0	0	2	0	0	0	0	0	0	0	0	1	0	0	0	1	0	0	0	0	0	0	0	0	0	0	1	2	0	21	4	0	0	0	0	0	0	0	0	0	0	0	0	2	0	0	0	0	0	0	0	0
2021_12_13_nct_4_16S_PDA-MAPS	85	184	775	45	109	17	11	1533	13	821	212	3	19	127	19	2	411	1	0	210	8	0	1	2	0	0	0	2	219	0	6	0	0	25	0	0	0	0	0	0	0	1	0	0	0	0	1	0	0	0	0	0	1	0	0	0	0	0	1	0	0	0	0	0	0	0	1	0	0	0	1	0	0	1	0	12	0	0	0	0	0	0	0	0	7	0	14	0	0	0	0	0	0
2021_12_13_nct_2_16S_PDA-MAPS	0	0	1	0	464	868	1	4644	0	477	1037	433	0	0	0	0	33	1046	2	307	1315	0	27	317	0	0	36	4	850	523	0	0	3	0	0	31	0	4	2	53	0	5	0	1	0	0	9	0	0	0	2	0	187	37	1	0	0	0	16	2	8	0	0	0	0	0	20	0	0	0	197	0	0	0	0	0	0	0	0	0	0	0	0	0	3030	1	59	0	0	0	0	0	0
2021_12_13_nct_3_16S_PDA-MAPS	43	261	1477	0	220	31	0	6652	7	393	6324	3	8	0	0	304	14	3	0	131	0	0	22	0	9	0	673	1	158	0	0	26	46	0	0	0	0	90	0	53	0	19	0	6	3	7	0	0	7	38	15	0	217	0	0	2	0	0	0	0	0	13	0	0	0	6	0	0	0	0	0	0	0	0	0	0	0	0	0	0	0	0	0	0	178	0	5	0	0	0	0	0	0
2022_12_20_JU124_16S_PDA-MAPS	0	0	2	3	0	19	0	1191	0	250	181	3	0	0	0	0	13	72	596	3	48	0	102	298	11	0	10	5	30927	222	0	12	43	0	61	347	0	235	336	33	0	3	0	2	0	0	0	0	3	0	3	0	2	1	0	0	0	0	5	0	6	0	2	0	0	0	2	0	0	0	0	0	1	0	0	0	0	0	0	0	5	0	0	0	0	0	0	0	0	5	0	0	0
2022_12_20_ctrl3_16S_PDA-MAPS	0	0	0	0	298	0	0	1984	0	0	0	1	0	0	0	0	78	0	5	77	19	0	0	0	1	0	1	0	17176	5	0	0	0	0	0	1040	0	0	62	0	0	0	0	0	0	0	0	0	0	0	0	0	14	2	0	0	0	0	6	0	0	0	1	0	0	0	2	6	0	0	0	0	51	0	0	2	0	1	0	0	0	0	3	1	0	1	0	7	1	0	0	0	9
2022_12_20_JU015_16S_PDA-MAPS	220	14	137	111	8	0	8	602	9	52	15	0	1	4	128	0	0	0	82	112	2612	0	83	62	0	0	3	1	247	0	0	0	0	0	0	370	0	0	894	0	1	0	0	0	0	0	0	0	0	0	0	0	28	1	0	0	0	0	0	0	17	0	0	0	0	0	49	0	9	0	0	4	29	0	0	1	0	1	1	0	1	0	0	1	35	0	1	0	1	0	0	0	0
2022_12_20_JU263_16S_PDA-MAPS	446	6	0	0	0	0	0	8952	0	11075	0	0	0	0	0	0	320	162	0	421	446	0	5	1057	0	9	2	0	66195	3010	911	135	0	469	146	237	0	0	683	3650	0	0	0	0	1	0	132	0	0	0	0	0	8	3	46	1	0	0	652	0	2269	0	0	0	1	0	4	0	0	0	309	0	193	1	1	0	0	0	5	0	2	0	0	0	0	1	0	0	1	0	0	1	0
2022_12_20_JU121_16S_PDA-MAPS	0	0	0	0	0	0	0	4492	0	676	0	0	0	0	0	0	19	0	0	0	659	0	2	2	0	2	1	0	28508	3	1	0	1	0	0	2998	0	0	11026	1	0	0	0	0	0	0	0	0	0	1	0	0	37	3	391	0	0	0	20	0	45	0	0	0	0	0	4	1	169	0	0	0	27	0	0	0	0	0	6	0	2	0	0	1	24	0	0	2	0	0	0	2	0
2022_12_20_JU079_16S_PDA-MAPS	1425	258	1652	2206	238	4	2211	87013	57	13400	191	30	89	861	0	42	103	521	1	195	7	0	889	64662	0	51	11	2	5511	7747	3002	134	356	1443	482	4562	0	142	8880	2973	18	41	64	37	3	58	134	0	14	1	0	0	283	9	1184	1	1564	0	6505	0	255	0	0	1	3	753	1	0	126	1	189	1	600	0	1	9	0	8	6	1	2	0	0	13	0	0	0	0	10	0	0	3	0
2022_12_20_ctrl1_16S_PDA-MAPS	25	0	0	0	248	0	0	1282	0	228	0	124	0	0	0	0	0	1	1	664	116	0	1	152	0	0	0	0	18181	3	0	1	0	0	0	1227	0	0	33	0	0	0	0	0	0	0	0	0	0	0	0	0	26	3	0	0	0	0	18	0	0	0	1	0	0	0	3	0	0	0	0	0	0	0	0	0	0	0	1	0	0	0	0	0	0	1	0	0	0	0	0	0	0
2023_01_17_ctrl6_16S_PDA-MAPS	1	15	38	0	1	0	1	329	0	0	1	3	5	0	0	0	1	58	1069	259	5	0	43	143	0	0	17	6	11251	123	0	0	9	0	0	174	0	43	239	13	0	1	0	1	0	0	0	0	2	0	0	1	2	0	0	0	0	0	3	0	0	0	0	0	0	0	6	9	1	0	0	0	264	0	0	4	0	0	1	0	0	1	1	3	100	0	0	10	0	0	0	1	11
2023_06_01_Nct_09_16S_PDA-MAPS	56	23	0	0	1	0	0	43	0	75	0	0	0	0	0	0	0	29	0	0	0	0	0	38	0	0	0	0	358	0	0	0	0	0	0	20	0	0	466	43	0	0	0	0	0	0	0	0	0	0	0	0	1	0	0	0	0	0	0	0	0	0	0	0	0	0	0	0	11	0	0	0	8	0	0	0	0	1	0	0	1	0	0	0	0	0	0	0	0	0	0	0	0
2023_06_01_Nct_10_16S_PDA-MAPS	30	0	12	0	8	0	0	96	0	95	0	0	0	0	0	0	28	3	0	0	5	3	6	0	0	0	0	0	867	12	2	0	2	4	0	51	0	0	309	2	0	0	0	0	0	0	0	0	0	0	0	0	7	16	0	0	0	0	0	0	0	0	0	0	0	0	0	0	8	0	0	0	3	0	0	0	0	0	2	0	0	0	0	0	0	0	0	0	0	0	0	0	0
2023_06_01_Nct_08_16S_PDA-MAPS	0	0	0	0	0	0	0	0	0	0	0	1	0	0	0	0	3	4	1	53	1	0	0	0	0	0	0	0	1369	0	0	0	0	12	0	7	0	0	319	0	0	0	0	0	0	0	0	0	0	0	0	0	0	0	0	0	0	0	0	0	0	0	0	0	0	0	0	0	7	0	0	0	38	0	0	3	0	1	0	0	0	0	0	1	0	0	0	0	0	0	0	0	0
2023_06_01_Nct_07_16S_PDA-MAPS	0	0	0	0	0	11	0	180	0	3	0	7	0	0	0	0	9	38	1	6	0	0	1	0	0	0	0	0	995	73	0	0	2	0	0	8	0	0	86	2	0	0	0	0	0	0	0	0	0	0	0	0	1	0	11	0	0	0	0	0	0	0	0	0	0	60	0	0	1	0	0	0	33	0	0	0	0	0	0	0	0	0	0	0	0	0	0	8	0	0	0	0	0
2023_06_01_Nct_05_16S_PDA-MAPS	7	0	0	0	69	0	0	2652	0	23	2686	82	0	0	0	0	1	0	0	319	0	8	7	338	0	0	1	0	3	233	16	0	2	0	0	0	0	8	261	3	0	4	1	3	1	0	0	0	0	0	2	0	0	0	0	0	0	0	39	0	0	0	0	0	0	3	0	0	5	0	0	0	0	0	0	0	0	0	3	0	0	0	0	0	0	0	0	0	0	0	0	0	0
2023_06_01_Nct_02_16S_PDA-MAPS	0	0	14	0	168	0	0	97	1	53	0	0	0	0	0	0	17	0	2	60	0	44	0	108	0	0	0	6	0	0	0	0	0	0	0	0	0	0	210	0	0	0	0	0	0	0	0	0	0	0	0	0	0	0	0	0	0	0	0	0	0	0	0	0	0	0	0	0	2	0	0	0	0	0	0	0	0	0	0	0	0	0	0	0	5	0	0	0	0	0	0	0	0
2023_06_01_Nct_06_16S_PDA-MAPS	23	0	0	0	0	0	0	737	0	169	3	4	0	0	0	0	62	0	0	39	83	0	26	191	0	0	2	0	301	274	0	0	18	0	0	12	0	0	94	13	0	6	0	0	0	0	0	0	0	0	0	0	0	0	21	0	0	0	0	0	0	0	0	0	0	0	0	0	3	0	0	0	0	0	0	0	0	0	0	0	0	0	0	0	0	0	0	0	0	0	0	0	0
2023_06_01_Nct_04_16S_PDA-MAPS	34	0	1	0	193	189	0	1901	9	2	489	0	0	0	0	0	338	233	10	319	656	0	63	27	0	0	0	64	440	306	0	0	0	0	0	0	0	7	230	0	0	222	0	2	5	0	10	38	3	0	1	0	1	0	0	0	0	0	0	0	0	0	0	1	0	0	4	0	4	0	0	0	0	1	0	0	0	0	0	0	4	0	1	1	0	0	0	0	0	1	0	0	0
2021_02_22_NTC_1 3_16S_pda_mice_kpc	0	0	0	0	2	1	0	336	0	0	133	0	0	0	0	0	1	0	0	281	0	0	0	0	0	0	2	0	0	0	0	0	0	0	0	0	0	2	0	0	0	2	0	0	0	1	0	0	1	0	0	0	1	3	0	0	0	0	0	0	0	0	0	0	0	0	0	0	0	0	0	1	0	0	0	0	0	0	0	0	0	0	0	0	0	0	0	0	1	0	0	0	0
2021_02_22_NTC_2 4_16S_pda_mice_kpc	0	0	0	0	8	73	0	13	0	0	2468	628	0	0	0	0	1	2	2	967	2	0	389	6	4	0	1094	1	0	0	0	0	9	0	0	0	0	43	2	1	0	45	0	12	1	13	0	0	17	0	7	0	11	0	0	11	0	0	0	0	0	772	0	0	0	0	0	0	0	0	0	0	0	0	0	0	2	0	0	0	0	0	0	0	0	0	0	0	2	0	0	0	0
2021_07_23_NTC1_16S_pda_mice_kpc	20	0	0	0	928	3	0	12	0	0	828	0	0	0	0	0	3	58	231	52	91	0	2	0	0	0	3	42	1	0	0	0	14	0	0	0	0	19	49	0	0	20	0	1	1	6	0	0	5	1	2	0	1	2	0	0	0	0	0	0	0	0	0	2	0	0	0	0	0	0	0	2	2	0	0	0	230	1	1	0	0	0	0	0	1	1	0	0	25	0	0	0	0
2021_07_23_NTC2_16S_pda_mice_kpc	0	0	0	0	620	21	0	401	0	0	871	75	0	0	1	0	0	0	133	4	0	0	0	1	0	0	5	36	0	0	0	0	0	0	0	0	0	61	80	0	0	23	0	1	0	8	0	0	7	0	3	0	0	0	0	3	0	0	0	0	0	1	0	0	0	2	0	0	0	0	2	1	1	0	0	0	166	0	1	0	0	0	1	0	0	1	0	0	0	0	0	0	0
2021_09_08_1 1_16S_pda_human_ffpe	524	11	63	0	1068	790	0	17739	0	4469	3345	62	1	0	175	0	7	443	9	647	4	0	688	2002	7	0	1202	13	1458	791	0	0	100	8	0	1770	87	10	1400	489	0	10	0	1	2	1	0	0	4	2527	5	2	539	1089	0	1	0	0	836	941	0	144	58	1	0	65	3	0	1	274	13	421	225	0	4	131	11	1	213	4	1	9	1	0	101	0	3	3	5	0	0	2	6
2021_09_08_2 2_16S_pda_human_ffpe	418	1	205	0	1314	69	29	25730	0	2880	803	16	0	1	122	0	0	46	16	130	14	0	485	2467	0	0	106	12	6732	1345	0	0	145	0	0	6804	0	4	1265	168	0	8	1	1	0	2	0	0	5	1131	3	16	1340	4270	0	0	0	0	702	92	0	72	4	5	2	142	2	2	0	263	0	1493	1310	1	1	43	21	6	298	0	1	5	18	3	59	4	0	8	6	0	0	1	2
2021_09_08_1 3_16S_pda_human_ffpe	199	0	0	109	0	160	0	33181	0	4768	1684	122	0	0	0	0	9	507	1	49	2	0	188	3504	0	0	4	3	9	638	0	0	71	0	0	446	0	12	449	589	0	6	0	0	0	5	0	0	4	1395	4	0	548	539	0	3	0	0	1284	184	0	1	0	14	1	255	0	0	1	17	182	0	5	0	0	14	0	0	1	1	0	0	0	0	0	0	0	0	1	0	0	1	0
2021_09_08_2 4_16S_pda_human_ffpe	126	249	1219	0	0	43	0	50518	14	6543	2147	544	3	0	0	0	0	168	0	9	1	0	1103	5476	1	1	23	0	14	1596	443	0	587	0	0	54	0	8	1076	1402	0	9	0	2	5	23	0	0	2	2096	4	0	438	595	138	0	0	0	1665	1522	0	2	38	0	1	148	4	0	2	55	43	0	88	0	8	0	0	0	6	13	0	0	0	0	37	0	0	0	8	0	0	0	0
2021_09_16_NTC_16S_pda_mice_kpc	0	0	0	0	3895	63	0	3905	3	309	2	135	0	0	0	0	1	0	1125	61	13	0	23	41	0	0	50	230	2	394	0	0	84	0	0	3	0	1	1317	1	0	1	0	0	0	0	0	0	2	734	0	0	62	8	0	0	0	0	0	350	0	1	9	4	0	0	8	0	2	0	0	6	12	0	3	0	742	2	25	5	0	0	0	0	1	0	0	1	224	0	0	0	4
2021_09_17_NTC_16S_pda_mice_kpc	0	0	0	0	1961	118	0	6280	2	235	6964	10	0	0	0	0	61	0	441	294	53	0	17	130	0	0	50	111	0	7	0	0	0	0	0	5	0	326	3106	0	0	179	0	9	4	19	0	0	45	3613	28	0	391	15	0	12	0	0	23	1061	0	3	5	1	0	8	17	1	1	0	0	4	8	0	13	2	465	0	95	9	0	0	0	0	0	3	0	0	617	0	0	0	8
2021_12_02_1 1_16S_pda_human_ffpe	0	1	0	0	674	1	0	0	0	0	1273	0	0	0	0	0	0	30	23	0	1562	0	0	2	0	0	0	10	4616	0	0	0	0	0	0	6582	0	5	2122	0	0	3	0	2	1	0	0	0	1	238	4	15	18443	5060	0	0	0	0	285	90	34	0	76	4	12	0	3259	0	7	89	0	1987	598	0	14	132	10	10	582	5	2	1	78	2	5	1	0	0	148	0	0	14	0
2021_12_02_2 2_16S_pda_human_ffpe	0	0	0	0	3139	90	0	230	0	0	1616	577	0	0	28	0	28	35	60	345	3717	0	20	0	0	0	61	75	11720	0	0	0	0	0	0	15947	0	5	10281	0	0	6	0	3	1	1	0	16	4	1891	0	72	25783	14131	0	0	0	0	772	281	0	86	183	25	24	0	8209	6	12	488	14	14331	4392	0	45	435	25	18	2811	8	15	17	436	8	2	2	2	6	330	0	0	24	8
2021_12_02_1 3_16S_pda_human_ffpe	0	0	0	0	0	0	0	0	0	0	5174	1	0	0	0	0	56	0	1	6344	0	0	0	0	0	0	73	0	0	0	0	0	1	0	0	2	0	19	1954	0	0	13	0	4	7	2	0	0	1	0	8	0	2	1	0	1	0	0	0	0	0	0	0	0	0	0	1	0	27	0	0	1	41	2	0	0	0	0	3	0	0	0	0	0	102	0	59	0	0	0	0	2	0
2021_12_02_2 4_16S_pda_human_ffpe	0	0	0	0	0	1	0	7	0	0	13857	0	0	0	816	0	90	3534	1	3753	5146	0	0	0	0	0	1	0	185	0	0	0	0	0	0	1	0	60	6983	1	0	41	0	7	9	5	0	0	9	0	43	0	9	66	0	1	0	0	0	5	0	1	61	0	0	0	19	0	131	0	0	42	545	8	8	0	0	0	16	1	3	1	0	0	68	0	176	0	0	0	0	5	0
2022_01_24_1_16S_pda_mice_ffpe	1224	75	0	523	0	0	7	9198	78	1273	1825	1224	0	200	51	1	215	22	0	0	0	73	65	704	0	0	1	0	203	1	0	60	38	0	549	1	0	4	3966	29	4	14	0	0	1	2	0	4	2	24	4	0	350	0	8	1	586	3	1	0	0	0	0	0	0	0	0	0	68	98	0	47	0	0	0	0	1	0	10	0	1	1	0	0	0	0	0	0	0	0	0	1	0
2022_01_24_2_16S_pda_mice_ffpe	1115	0	0	783	0	40	37	5466	508	2253	20	25	0	241	17	7	331	2124	0	515	315	61	360	756	9	0	95	0	1	94	1522	0	276	0	147	1	0	5	1079	739	4	92	2	0	0	0	3	1	0	2	0	0	225	0	134	0	0	12	2409	0	0	0	0	0	0	0	0	0	9	0	22	1	113	0	0	0	0	0	11	0	0	0	0	0	87	0	1	0	0	0	0	0	0
2022_01_24_3_16S_pda_mice_ffpe	7962	0	0	0	0	776	89	6841	62	770	3	1	0	103	460	0	103	191	0	324	0	13	2	1	0	1	0	0	1	955	0	420	1	1	100	2	0	0	5365	524	0	0	0	0	0	0	0	0	0	463	0	0	0	1	1	0	970	0	443	10	0	0	24	0	1	0	6	0	106	0	19	8	172	0	34	1	0	0	9	1	0	0	0	0	189	0	2	0	7	0	0	2	0
2022_01_24_4_16S_pda_mice_ffpe	1963	1	52	406	0	0	17	7867	49	0	4	1006	0	868	152	0	0	1095	1	266	0	233	31	1133	0	0	28	0	0	1062	1118	0	1	0	45	0	0	4	4430	912	0	0	0	0	1	2	0	0	0	100	0	0	0	0	0	0	689	17	0	0	0	0	0	0	0	0	0	184	83	0	2	343	218	0	0	0	0	0	5	0	22	0	0	0	15	0	0	0	0	0	12	3	1
2022_01_24_3_16S_pda_human_ffpe	1078	0	546	132	0	133	131	1168	1	0	0	289	0	526	0	0	1	0	0	431	86	90	1	0	0	0	179	0	0	0	553	0	0	0	425	0	0	0	1409	0	12	0	0	0	1	0	0	0	0	22	0	0	44	0	0	0	185	4	0	0	0	0	0	0	0	0	0	0	25	0	19	0	88	0	0	0	0	0	1	0	11	0	0	0	484	0	0	0	0	0	2	0	0
2022_01_24_4_16S_pda_human_ffpe	957	0	0	0	0	9	72	4775	509	0	0	307	0	596	0	0	104	0	0	0	5	55	291	0	86	1	5	0	0	325	62	0	0	0	0	0	0	0	1504	0	5	0	0	0	0	0	0	0	0	5	0	0	190	0	139	0	166	1	0	0	0	1	0	0	0	1	0	0	30	0	0	0	9	0	0	0	0	0	2	0	2	0	0	0	0	0	0	0	2	0	0	0	0
2022_01_24_5_16S_pda_human_ffpe	34	0	0	0	0	0	1	566	4	134	3	98	0	141	0	0	14	268	0	108	189	25	15	42	64	0	58	0	0	25	30	0	5	0	59	0	0	0	250	0	2	0	0	0	0	0	0	0	0	27	0	0	0	0	11	0	105	3	0	0	0	1	0	0	0	0	0	0	3	0	2	0	2	0	0	0	0	0	0	0	0	1	2	0	15	0	0	1	0	0	0	0	0
2022_01_24_6_16S_pda_human_ffpe	751	0	33	381	84	281	0	851	4	0	431	773	0	307	0	0	89	24	0	65	0	3	2	0	0	0	29	0	0	173	348	0	52	0	260	0	49	19	2938	0	0	341	0	5	0	1	0	4	4	619	1	1	0	0	0	2	133	0	0	0	0	0	0	0	0	0	0	233	48	0	0	0	0	0	0	0	0	0	9	0	3	0	0	0	0	0	0	0	0	0	1	2	0
2022_01_24_7_16S_pda_human_ffpe	10	3	0	1410	1	0	1	1890	0	0	568	8	0	138	5	0	2	1199	18	1266	45	8	24	0	0	0	5	41	1	2	10	0	1	0	313	45	0	2	619	4	3	3	0	0	1	2	0	18	2	174	1	0	44	3	0	39	0	6	0	0	0	1	0	0	0	145	1	0	6	33	1	125	102	1	0	4	0	0	14	0	125	0	1	0	0	0	0	0	0	3	8	0	0
2022_01_24_8_16S_pda_human_ffpe	308	0	89	0	0	1	173	1404	6	130	5874	150	0	212	0	0	37	17	0	167	0	42	208	322	0	0	7	0	0	942	729	0	113	0	213	0	0	47	550	72	5	18	0	4	2	2	0	0	3	37	13	8	0	0	0	0	51	3	0	0	0	0	0	0	0	0	0	4	20	0	19	1	10	0	0	0	0	0	3	0	0	51	1	0	2	0	1	0	0	0	0	0	0
2022_01_24_9_16S_pda_human_ffpe	949	0	78	112	0	0	300	1756	85	476	265	0	0	737	0	0	2	54	0	458	0	88	2	0	1	0	1	0	0	0	43	0	0	0	164	0	0	3	2780	0	7	1	0	1	1	0	0	0	1	22	0	0	0	0	0	0	447	7	124	0	0	2	0	0	0	0	0	0	54	0	108	0	26	1	0	0	0	0	1	0	8	0	0	0	157	0	0	0	0	0	0	1	0
2022_01_25_5_16S_pda_mice_ffpe	778	0	0	137	0	0	126	11511	1	1375	144	4	0	84	76	9	0	287	1	69	58	10	100	179	0	0	5	0	9	295	85	0	59	24	147	7	0	4	746	33	5	216	1	0	1	0	0	0	6	8	0	0	2	16	276	0	394	2	293	3	201	0	10	0	0	0	3	0	12	0	0	20	54	0	4	0	1	0	3	4	1	1	1	0	0	0	0	0	1	2	0	0	0
2022_01_25_6_16S_pda_mice_ffpe	270	0	0	138	0	0	177	6935	4	0	0	3134	0	300	0	0	34	1	0	187	1	142	1	0	1	0	3	0	0	433	4	0	0	0	110	1	0	0	2676	0	12	0	0	0	0	0	0	2	0	33	0	0	5	3	0	0	1567	10	0	74	0	0	2	0	0	0	24	0	28	0	0	0	14	0	130	0	0	0	47	15	85	0	0	0	1	0	0	0	25	6	3	1	0
2022_01_25_1_16S_pda_mice_ffpe	892	40	73	623	0	79	965	3574	47	2285	2	534	0	1105	80	47	361	267	2	0	45	204	38	1121	1	0	163	0	0	47	1132	0	1	0	0	0	0	0	3128	6	36	0	2	0	0	9	0	0	0	170	0	0	0	0	0	0	0	16	0	0	0	2	0	0	0	0	0	0	55	0	2	0	0	0	0	1	0	0	8	0	0	0	10	0	9	1	22	0	0	0	0	0	0
2022_01_25_2_16S_pda_mice_ffpe	613	19	62	156	0	2	73	6781	8	151	448	651	0	109	0	0	160	56	82	2286	109	32	6	123	4	0	52	0	0	1709	253	0	9	0	280	7	0	0	1086	12	0	1	0	0	0	1	0	0	1	295	1	1	2896	0	86	2	602	13	0	0	0	1	0	0	0	0	1	2	18	0	1	0	2	1	0	1	0	1	11	0	0	0	1	0	47	0	0	0	2	0	0	1	0
2022_01_26_supernatant_16S_pda_cell-lines	1202	3	0	110	1330	0	28	1130	48	7	0	36	0	423	0	0	56	242	10	18	34	22	7	0	9	0	292	9	0	8	602	0	5	0	172	1	0	0	1970	3	3	2	0	0	0	0	6	0	1	157	0	0	58	4	120	0	929	3	1	0	0	0	0	0	0	0	0	0	28	0	3	2	6	0	0	0	0	1	3	0	41	0	0	0	4	0	0	0	0	0	10	1	0
2022_01_26_supernatant_centri_16S_pda_cell-lines	270	0	0	4	135	3	0	100	6	0	39	107	0	99	0	1	69	0	1	41	37	2	0	2	0	0	20	2	0	0	69	1	0	0	0	2	4	0	290	0	0	4	0	0	0	0	0	0	0	0	0	0	0	1	0	0	172	0	0	0	0	27	0	4	0	0	0	0	8	0	0	0	1	0	0	0	0	0	0	0	0	0	0	0	2	0	0	0	0	0	0	1	0
2022_01_26_medium_16S_pda_cell-lines	1020	0	77	66	1699	0	88	1692	49	73	24	122	0	657	34	0	79	90	13	55	308	21	7	1	5	0	96	9	27	0	57	0	2	73	86	212	0	38	1188	0	3	0	1	0	0	0	0	0	0	0	0	0	39	86	0	0	224	1	7	0	0	0	0	0	0	0	4	0	22	0	1	5	59	0	0	0	0	4	1	1	0	0	1	0	216	0	13	0	0	0	0	0	0
2022_01_26_medium_centri_16S_pda_cell-lines	1846	91	38	0	599	17	294	877	30	1	116	340	0	451	0	182	44	603	10	551	8	44	6	0	0	11	0	1	3	124	45	0	49	0	55	0	0	2	928	9	8	287	0	2	2	1	0	0	1	521	1	0	9	0	0	0	126	3	0	0	0	0	0	0	0	0	0	8	13	0	9	56	71	0	0	7	0	0	0	0	57	0	1	0	27	0	0	0	0	3	11	0	0
2022_01_26_buffer_16S_pda_cell-lines	136	1	15	498	558	195	52	414	1	162	71	673	1	196	0	0	10	33	2	164	1370	59	112	16	0	0	1	4	40	0	426	0	92	0	0	1	6	200	792	63	12	176	1	2	1	0	0	1	3	72	13	0	2	0	19	4	21	3	0	0	7	0	0	1	0	0	129	1	13	0	1	0	2	0	0	0	0	3	1	0	1	0	0	0	55	0	0	0	1	0	0	0	0
2022_03_09_NTC 3_16S_pda_mice_kpc	0	0	0	0	9	3	0	65	10	0	4	0	0	0	0	0	0	0	1	0	4	0	0	1	0	0	2	5	23	0	0	0	0	0	0	3	0	0	1937	0	0	1	0	0	0	0	2	0	21	2	0	0	0	1	0	1	0	0	0	0	0	0	0	0	0	0	0	0	0	0	0	4	42	0	0	7	2	0	49	0	0	0	0	0	0	0	0	0	3	0	0	1	0
2022_03_09_NTC 4_16S_pda_mice_kpc	0	0	0	0	1	1	0	27	2	0	0	1	0	0	0	0	0	0	0	0	0	0	0	1	0	0	0	5	0	0	0	0	0	0	0	0	0	0	599	0	0	0	0	0	0	0	0	0	0	1	0	0	0	0	0	1	0	0	0	0	0	0	0	0	0	0	0	0	2	0	0	3	9	0	0	0	0	0	7	0	0	0	0	0	0	0	0	0	0	0	0	0	0
2022_03_09_NTC 5_16S_pda_mice_kpc	0	0	0	0	0	6	0	0	8	0	13	2	0	0	0	0	15	0	0	11	0	0	14	2	0	0	3	9	4	0	0	0	0	0	0	3	0	0	2751	0	0	0	0	0	0	0	2	0	1	0	0	0	0	0	0	1	0	0	0	0	0	0	0	0	0	0	0	0	3	0	0	17	31	0	0	0	2	0	48	0	0	0	0	0	0	0	0	0	1	0	0	3	0
2022_03_09_NTC 6_16S_pda_mice_kpc	0	0	0	0	0	3	0	19	10	0	0	1	0	0	0	0	14	10	0	50	0	0	19	0	0	0	1	7	3	0	0	0	0	0	0	2	0	0	2267	0	0	0	0	0	0	0	1	0	0	1	0	0	0	0	0	0	0	0	0	0	0	19	0	0	0	0	0	0	2	0	0	10	34	0	0	1	0	0	37	0	0	0	0	0	0	0	0	0	0	0	0	0	0
2022_03_09_NTC 7_16S_pda_mice_kpc	0	0	0	0	0	3	0	0	7	0	0	0	0	0	0	0	0	5	1	10	0	0	13	1	0	0	0	1	1	0	0	0	0	0	0	0	0	0	1584	0	0	0	0	0	0	0	1	0	0	1	0	0	0	0	0	0	0	0	0	0	0	0	0	0	0	0	0	0	1	0	0	3	14	0	0	0	0	0	29	0	0	0	0	0	0	0	0	0	0	0	0	1	0
2022_03_09_NTC 8_16S_pda_mice_kpc	0	0	0	0	48	4	0	15	6	0	0	1	0	0	0	0	0	12	11	1	40	0	20	1	0	0	2	8	25	0	0	0	1	0	0	2	0	3	2234	0	0	0	0	0	0	0	0	0	0	3	0	0	0	0	0	3	0	0	0	0	0	0	0	0	0	0	0	0	1	0	0	6	51	0	0	26	9	0	44	0	0	0	1	0	1	0	0	0	14	0	0	0	0
2022_03_17_2_16S_pda_human_ffpe	0	0	0	0	0	0	0	1137	0	0	0	0	0	0	200	0	0	638	0	227	0	0	1	0	0	8	1	0	0	0	0	0	0	0	0	0	0	0	3495	0	0	0	0	0	0	0	0	0	1	8	0	2	0	0	0	0	0	0	0	0	0	0	0	0	0	1	0	0	30	7	94	214	4	0	0	0	2	0	22	0	2	0	2	0	0	0	0	0	0	0	0	3	0
2022_03_17_3_16S_pda_human_ffpe	0	0	0	0	7	0	0	0	0	0	0	26	0	0	676	0	42	22	3	239	0	0	0	1	0	0	1	0	0	0	0	0	0	0	0	0	0	0	1950	0	0	0	0	0	0	0	0	0	0	83	0	2	0	3	0	0	0	0	0	1	0	1	2	0	0	0	0	36	8	10	0	247	11	0	1	7	6	1	18	0	0	5	7	0	0	0	0	0	0	0	0	1	0
2022_03_17_4_16S_pda_human_ffpe	165	0	0	6	0	0	0	0	0	0	0	10	0	0	468	0	6	35	3	289	3	0	38	0	4	0	4	1	7	0	0	0	56	0	0	1	0	0	2056	1	0	0	0	0	0	0	0	0	0	1	0	8	0	6	0	0	0	0	0	57	0	1	4	1	1	0	6	0	13	17	0	435	13	0	47	0	7	0	15	8	1	0	6	2	0	0	0	0	9	0	0	0	2
2022_03_17_5_16S_pda_human_ffpe	12	0	0	0	0	14	0	0	0	0	0	0	0	0	733	0	3	17	1	14	36	0	0	0	0	0	0	0	0	0	0	0	0	0	0	1	0	0	1917	0	0	0	0	0	0	0	0	0	0	43	0	0	1	7	0	0	0	0	0	5	0	0	3	0	0	0	0	0	6	5	0	592	1	0	5	0	0	0	15	2	2	0	2	0	1	0	0	0	3	0	0	1	0
2022_03_17_1 1_16S_pda_human_ffpe	0	0	0	0	0	47	0	1	0	0	0	0	0	0	0	0	0	117	0	0	76	0	0	0	0	0	0	1	0	0	0	0	0	0	0	0	0	0	2818	0	0	0	0	0	0	0	0	0	0	48	0	0	0	0	0	0	0	0	0	0	0	0	0	0	0	0	0	0	21	1	0	72	0	0	0	0	0	0	13	0	1	0	0	0	0	0	0	0	0	0	0	2	0
2022_03_17_6_16S_pda_human_ffpe	0	0	0	0	2	0	0	51	0	0	0	0	0	0	219	0	2	7	0	93	0	0	0	0	0	0	0	0	1	0	0	0	0	0	0	0	0	0	1415	0	0	0	0	0	0	0	0	0	0	74	0	3	0	0	0	0	0	0	0	6	0	0	1	0	0	0	1	0	6	2	0	265	1	0	8	0	1	0	23	1	1	0	0	1	66	0	1	0	2	0	0	0	1
2022_03_17_1 3_16S_pda_human_ffpe	0	0	0	0	0	28	0	158	0	0	0	0	0	0	0	0	14	0	0	120	0	0	0	0	0	1	0	0	0	0	0	0	0	0	0	0	0	0	1906	0	0	0	0	0	0	0	0	0	0	0	0	0	0	0	0	0	0	0	0	0	0	0	0	0	0	0	0	0	39	0	0	0	0	0	0	0	0	0	4	0	0	0	0	0	0	0	0	0	0	0	0	1	0
2022_06_02_P1263-21_16S_pda_human_ffpe	0	0	0	0	0	18	0	3	63	0	0	0	0	0	0	0	1	1	0	741	0	0	0	0	0	0	0	0	0	0	0	0	0	0	0	1	0	0	347	0	0	0	0	0	0	0	0	0	0	8	0	0	0	1	0	0	0	0	0	0	0	0	0	0	0	0	0	0	4	0	0	0	0	0	0	0	0	0	2	1	3	0	0	0	688	0	20	0	0	1	1	0	0
2022_06_02_P19034-20_16S_pda_human_ffpe	0	0	0	0	0	0	0	0	0	0	30	0	0	0	0	0	42	91	0	0	0	0	0	0	0	0	0	0	0	0	0	0	0	0	0	0	0	0	972	0	0	0	0	0	0	0	0	0	0	0	0	0	0	0	0	0	0	0	0	0	0	0	0	0	0	0	0	0	14	0	0	0	0	0	0	0	0	0	0	0	0	0	0	0	0	0	0	0	0	0	0	0	0
2022_06_02_P29041-20_16S_pda_human_ffpe	2	0	0	0	0	0	0	14	0	0	1	0	0	0	0	0	0	0	0	1758	0	0	0	0	0	0	0	0	0	0	0	0	0	0	0	0	0	0	1552	0	0	0	0	0	0	0	0	0	0	0	0	0	0	0	0	0	0	0	0	0	0	1	0	0	0	0	0	0	7	0	1	0	0	5	0	0	0	0	12	0	0	0	0	0	0	0	0	0	0	0	0	0	0
2022_06_02_P6463-21_16S_pda_human_ffpe	0	0	0	0	0	29	0	0	0	0	4356	0	0	0	13	0	0	28	0	93	0	0	0	0	0	0	0	0	0	0	0	0	0	0	0	0	0	16	311	0	0	16	0	2	4	3	0	0	2	0	8	0	0	0	0	0	0	0	0	0	0	0	0	0	0	0	0	0	7	0	31	0	0	0	0	0	0	0	0	0	0	0	0	0	0	0	0	0	0	0	0	0	0
2022_06_02_P7019-21_16S_pda_human_ffpe	1	0	0	0	0	0	0	0	10	0	0	0	0	0	0	0	0	1	0	0	0	0	0	0	0	0	1	0	0	0	0	0	0	0	0	0	0	0	1550	0	1	0	0	0	0	0	0	0	0	0	0	0	0	0	0	0	0	15	0	0	0	0	0	0	0	0	0	0	25	0	0	0	0	0	0	0	0	0	1	0	0	0	0	0	0	0	0	0	0	0	0	0	0
2022_06_02_P29577-21_16S_pda_human_ffpe	0	0	0	0	0	22	0	0	0	0	0	0	0	0	0	0	20	0	0	0	0	0	0	0	0	0	0	1	0	0	0	0	0	0	0	0	0	0	465	0	0	0	0	0	0	0	0	0	0	0	0	0	0	0	0	0	0	0	0	0	0	0	0	0	0	0	0	0	7	0	0	0	0	0	0	0	0	0	1	0	0	0	0	0	258	0	3	0	0	0	0	0	0
2022_06_02_P14240-21_16S_pda_human_ffpe	0	0	0	0	0	0	0	0	0	0	0	41	0	0	43	0	0	454	0	8	0	0	0	0	0	0	0	0	0	0	0	0	0	0	0	0	0	0	236	0	0	1	0	0	0	0	0	0	0	0	0	0	0	0	0	25	0	0	0	0	0	0	0	0	0	0	0	0	0	0	3	20	0	0	0	0	0	0	1	0	0	0	0	0	16	0	0	0	0	0	0	0	0
2022_06_02_P8117-21_16S_pda_human_ffpe	0	0	0	0	0	40	0	2027	0	0	54	0	0	0	2	0	62	189	0	58	0	0	0	0	0	0	0	0	0	0	0	0	0	0	0	0	0	0	519	0	0	0	0	0	0	0	0	0	0	12	1	0	5	0	18	0	0	0	0	0	0	0	0	0	0	3	0	0	7	4	0	31	1	0	0	0	5	0	2	0	0	7	0	0	0	0	0	1	0	0	0	0	0
2022_06_02_P2857-21_16S_pda_human_ffpe	0	0	0	0	0	0	0	2362	0	16	0	0	0	0	0	0	0	0	0	5	0	0	0	0	0	0	0	0	0	0	0	0	0	0	0	0	0	0	411	0	0	0	0	0	0	0	0	0	0	111	0	0	0	0	0	0	0	0	0	0	0	0	0	0	0	0	0	0	6	0	0	0	0	0	3	0	0	0	0	0	0	0	0	0	28	0	0	0	0	0	0	0	0
2022_06_02_P23469-21_16S_pda_human_ffpe	0	0	0	0	0	0	0	0	0	0	0	0	0	0	0	0	3	247	0	0	18	0	0	0	0	0	0	0	0	0	0	0	0	0	0	0	0	0	1429	0	0	0	0	0	0	0	0	0	0	0	0	0	0	0	0	0	0	0	0	0	0	0	0	0	0	0	0	0	19	0	0	0	0	0	0	0	0	0	2	0	1	0	0	0	0	0	0	0	0	0	0	0	1
2022_06_03_P22028-21_16S_pda_human_ffpe	38	0	7	0	1	0	0	0	0	0	0	32	0	0	0	0	32	468	0	0	11	0	0	21	0	0	0	0	0	0	0	0	0	0	0	0	0	0	437	0	0	0	0	0	0	0	0	0	0	13	0	0	0	0	0	0	0	0	0	0	0	0	0	0	0	0	0	0	6	0	4	20	0	0	0	0	0	0	0	0	2	0	0	0	1	0	0	0	0	0	3	0	0
2022_06_03_P427-21_16S_pda_human_ffpe	0	0	0	0	0	1	49	16	0	0	4	0	0	0	0	0	28	547	2	287	178	0	15	4	0	0	14	4	0	0	0	0	0	0	0	25	0	0	5090	0	0	0	0	0	0	0	0	0	0	18216	1	2	33	1	0	0	0	0	6	0	0	0	0	10	0	0	4	53	6	0	67	0	5	0	0	78	1	1	1	0	131	0	3	2	427	7	10	0	0	0	7	1	0
2022_06_03_P31311-21_16S_pda_human_ffpe	0	0	0	0	1	0	0	0	0	0	0	0	0	0	157	0	0	1006	0	434	0	0	0	0	0	0	0	0	0	0	0	0	0	0	0	0	0	0	1056	0	0	0	0	0	0	0	0	0	0	0	0	0	0	0	0	0	0	0	0	0	0	0	0	9	0	0	0	0	14	0	0	36	0	0	0	0	0	0	2	0	4	0	0	0	663	0	12	0	0	0	6	0	0
2022_06_03_P13553-21_16S_pda_human_ffpe	0	0	0	0	0	0	0	0	0	0	0	0	0	0	0	0	1	702	0	7	148	0	0	0	0	0	0	0	0	0	0	0	0	0	0	0	0	0	569	0	0	0	0	0	0	0	0	0	0	0	0	0	0	0	0	0	0	0	0	0	0	0	0	0	0	0	5	0	13	0	0	7	0	0	0	0	0	0	1	0	0	0	0	0	1063	0	13	0	0	0	0	0	0
2022_06_03_P16884-21_16S_pda_human_ffpe	0	0	0	0	0	48	0	83	0	0	0	0	0	0	0	0	0	976	5	15	1	0	0	0	0	0	0	0	1	0	0	0	0	0	0	114	0	0	1924	0	0	0	0	0	0	0	0	0	1	1	0	0	6	10	0	0	0	0	0	0	0	0	0	0	0	0	0	0	39	0	0	0	89	0	0	0	0	0	5	0	1	0	0	0	2	0	0	0	0	0	0	1	0
2022_06_03_P27673-20/P32032-21_16S_pda_human_ffpe	0	0	0	0	0	13	0	0	0	0	0	9	0	0	0	0	1	621	0	0	0	0	0	0	0	0	0	0	0	0	0	0	0	0	0	0	0	0	1097	0	0	0	0	0	0	0	0	0	0	57	0	0	0	0	0	0	0	0	0	0	0	0	0	0	0	0	0	127	16	0	0	184	0	0	0	1	0	0	2	0	0	0	0	0	526	0	11	0	0	0	0	0	0
2022_06_03_P21305-21_16S_pda_human_ffpe	0	0	0	0	0	0	0	0	0	0	1	0	0	0	0	0	127	651	0	25	349	0	0	7	2	0	64	0	0	0	0	0	0	0	0	0	0	0	857	0	0	0	0	0	0	0	0	0	0	1	0	0	0	0	0	0	0	0	0	0	0	0	0	0	0	0	1	0	16	0	0	0	0	0	0	0	0	0	0	0	0	0	0	0	101	0	0	0	0	0	0	1	0
2022_06_03_P9034-21 _16S_pda_human_ffpe	0	0	0	0	0	0	0	196	0	0	0	74	0	0	0	0	6	130	0	28	0	0	0	90	0	0	0	0	2	0	0	0	0	0	0	8	0	0	1990	0	0	0	0	0	0	0	0	0	6	0	0	0	2	18	0	0	0	0	2	8	0	0	10	0	0	0	0	160	40	0	0	20	0	0	4	0	0	0	2	2	2	0	0	0	0	0	0	0	6	0	0	2	0
2022_06_03_P985-22_16S_pda_human_ffpe	0	0	0	0	0	0	0	12	0	0	2	274	0	0	0	0	398	654	66	734	344	0	0	0	0	0	0	0	0	0	0	0	2	0	0	0	0	0	2856	0	0	0	0	0	0	0	0	0	0	2	0	0	0	0	0	0	0	0	0	0	0	0	0	0	0	0	0	54	12	0	4	578	2	0	0	0	0	0	18	0	0	0	0	0	58	0	0	0	0	0	0	2	0
2022_06_03_P1263-21_16S_pda_human_ffpe	18	0	0	0	0	0	0	0	0	0	14	0	0	0	0	0	1368	1750	2	0	386	0	0	0	0	0	0	0	2	0	0	0	0	0	0	0	0	0	1702	0	0	0	0	0	0	0	0	0	0	0	0	0	0	0	0	0	0	0	0	0	0	0	0	0	0	0	4	0	30	0	2	0	0	0	0	0	0	0	0	0	6	0	0	0	90	0	4	0	0	6	0	2	0
2022_06_03_P13317-20_16S_pda_human_ffpe	0	0	58	0	0	44	0	0	0	0	10	6	0	0	42	0	70	2564	0	86	0	0	0	6	0	0	128	0	0	0	0	0	0	0	0	0	0	28	1826	0	0	0	0	0	0	4	0	0	0	38	0	0	2	0	0	2	0	0	0	0	284	0	0	0	0	32	0	0	16	0	0	38	12	0	0	0	0	0	40	0	0	0	0	0	48	0	0	0	0	0	0	0	0
2022_06_03_P13754-20_16S_pda_human_ffpe	0	0	0	0	0	0	0	42	0	0	530	2	0	0	0	0	182	1016	0	0	0	0	212	0	0	0	0	0	0	0	0	0	0	0	0	0	0	4	3462	0	0	2	0	0	0	0	0	0	0	0	2	0	0	0	0	0	0	0	0	0	0	0	0	0	0	0	0	0	58	0	0	104	0	0	0	0	0	0	4	0	2	0	0	0	0	0	0	0	0	0	0	0	0
2022_06_03_P19034-20_16S_pda_human_ffpe	0	0	0	0	0	20	0	242	0	0	0	0	0	0	86	0	0	928	0	286	0	0	0	0	0	0	2	0	0	0	0	0	10	0	0	0	0	0	1936	0	0	0	0	0	0	0	0	18	0	24	0	2	0	0	0	0	0	0	0	0	0	0	0	0	0	0	0	2	26	6	0	0	8	0	0	0	0	0	30	0	10	0	0	0	0	0	0	0	0	0	12	0	4
2022_06_03_P29041-20_16S_pda_human_ffpe	72	0	0	0	2	0	0	338	0	0	0	0	0	0	0	0	2	2314	4	0	388	0	0	0	0	0	0	0	0	0	0	0	0	0	0	0	0	0	4642	0	0	0	0	0	0	0	0	0	0	22	0	42	0	0	0	0	0	0	0	0	0	0	0	2	0	0	26	0	58	160	0	24	112	0	0	0	12	0	18	0	0	20	44	2	278	0	8	0	0	0	0	2	0
2022_06_04_P6463-21_16S_pda_human_ffpe	0	0	0	0	0	0	0	0	0	0	0	0	0	0	0	0	196	63	0	34	0	0	0	0	0	0	42	0	0	0	0	0	0	0	0	0	0	0	415	0	0	0	0	0	0	0	0	0	0	0	0	0	0	0	0	0	0	0	0	0	0	0	0	0	0	0	0	0	5	0	0	0	0	0	0	0	0	0	2	0	0	0	0	0	0	0	0	0	0	0	0	0	0
2022_06_04_P7019-21_16S_pda_human_ffpe	0	0	0	0	0	0	0	0	0	0	0	0	0	0	0	0	1	30	0	0	0	0	0	74	0	0	0	0	0	56	0	0	0	0	0	0	0	0	818	0	0	0	0	0	0	0	0	0	1	0	0	0	0	0	0	0	0	0	0	0	0	0	0	0	0	0	0	0	19	0	0	0	0	0	0	0	0	0	1	0	0	0	0	0	0	0	0	0	0	0	0	0	0
2022_06_04_P29577-21_16S_pda_human_ffpe	0	0	1	0	0	0	0	16	0	0	0	0	0	0	6	0	3	117	1	2	0	0	0	0	0	0	0	0	0	0	0	0	0	0	0	0	0	0	341	0	0	0	0	0	0	0	0	0	0	2	0	0	0	0	0	0	0	0	0	0	0	0	0	0	0	0	0	0	4	0	23	3	1	0	0	0	0	0	2	0	0	0	1	0	911	0	2	0	1	0	0	0	0
2022_06_04_P14240-21_16S_pda_human_ffpe	0	0	0	0	0	0	0	0	0	85	1	0	0	0	0	0	0	22	0	3	43	0	0	0	0	0	0	0	0	0	0	0	0	0	0	0	0	0	544	0	0	0	0	0	0	0	0	0	0	0	0	0	0	0	0	0	0	0	97	0	0	0	0	0	1	0	0	0	4	38	0	0	0	0	0	0	0	0	1	0	0	0	0	0	23	0	0	0	0	0	0	0	0
2022_06_04_P8117-21_16S_pda_human_ffpe	0	0	0	0	0	0	0	0	0	0	2029	1	0	0	0	0	36	18	0	0	0	0	0	1	0	0	0	0	0	0	0	0	0	0	0	0	0	13	114	0	0	1	0	0	0	0	0	0	1	0	4	0	0	0	0	0	0	0	0	0	0	0	0	0	0	0	0	0	0	0	1	0	0	0	0	0	0	0	0	0	0	0	0	0	1	0	0	0	0	0	0	0	0
2022_06_04_P2857-21_16S_pda_human_ffpe	0	0	0	0	0	0	0	243	0	0	0	2	0	0	47	0	0	8	0	73	0	0	0	0	0	0	0	0	0	0	0	0	0	0	0	0	0	0	399	0	0	0	0	0	0	0	0	0	0	25	0	0	1	0	0	0	0	0	0	0	0	0	0	0	0	0	0	0	4	3	1	61	0	0	0	0	0	0	3	0	1	0	0	0	15	0	0	0	0	0	0	0	0
2022_06_04_P23469-21_16S_pda_human_ffpe	0	0	0	0	0	0	0	10	0	0	0	0	0	0	0	0	0	154	0	1	11	0	0	17	1	0	0	0	1	0	0	0	0	0	0	0	0	0	598	0	0	0	0	0	0	0	0	0	0	0	0	0	0	0	0	0	0	0	0	0	0	0	0	0	0	0	0	42	8	0	1	6	0	0	0	0	0	0	1	0	0	0	0	0	0	0	0	0	0	0	0	0	0
2022_06_04_P427-21_16S_pda_human_ffpe	0	0	0	0	0	0	0	0	0	0	2	0	0	0	0	0	5	556	0	0	0	0	0	129	0	0	0	0	0	0	0	0	0	0	0	0	0	0	759	0	0	0	0	0	0	1	0	0	1	0	0	0	0	0	0	0	0	0	0	0	0	0	0	6	0	0	0	0	12	0	0	0	0	0	0	0	0	0	3	0	0	0	0	0	37	0	1	0	0	0	0	0	0
2022_06_04_P31311-21_16S_pda_human_ffpe	0	0	0	0	0	0	0	0	0	15	0	9	0	0	0	0	43	307	0	0	140	0	0	17	0	0	0	0	0	0	0	0	0	0	0	0	0	0	341	2	0	0	0	0	0	0	0	0	0	0	0	0	2	0	0	0	0	0	0	0	0	0	0	0	0	0	5	19	6	0	0	0	0	0	0	0	0	0	0	0	0	0	0	0	13	0	2	0	0	0	0	1	0
2022_06_04_P13553-21_16S_pda_human_ffpe	0	0	0	0	0	0	0	0	0	0	0	176	0	0	55	0	3	64	0	8	0	0	0	0	0	0	0	0	0	0	0	0	0	0	0	0	0	0	702	0	0	0	0	0	0	0	0	0	0	1	0	0	0	0	0	0	0	0	0	0	0	0	0	0	0	0	0	0	12	0	0	89	83	0	0	1	0	0	1	0	5	0	0	0	74	0	1	0	0	0	0	0	0
2022_06_04_P16884-21_16S_pda_human_ffpe	0	0	0	0	0	0	0	0	0	0	0	31	0	0	0	0	0	422	0	29	0	0	0	0	0	0	0	0	0	0	0	0	0	0	0	0	0	0	801	0	0	0	0	0	0	0	0	0	0	0	0	0	0	0	0	0	0	0	0	0	0	0	0	0	0	0	0	0	12	0	0	70	0	0	0	0	0	0	1	0	0	0	0	0	117	0	2	0	0	0	0	0	0
2022_07_13_P32032-21_16S_pda_human_ffpe	0	0	0	0	0	0	0	864	0	0	0	0	0	0	0	0	0	6	0	0	0	0	1	33	0	0	1	0	0	28	0	0	0	0	0	0	0	0	6	0	0	0	0	0	0	0	0	0	0	0	0	0	0	0	0	0	0	0	0	0	0	0	0	0	0	0	0	0	0	0	0	0	0	0	0	0	0	0	0	0	1	0	0	0	3	0	0	0	0	0	0	0	0
2022_07_13_P21305-21_16S_pda_human_ffpe	0	0	0	0	0	0	0	206	0	0	0	0	0	0	4	0	263	1	1	390	83	0	0	0	0	0	0	0	0	0	0	0	0	0	0	0	0	0	112	0	0	0	0	0	0	0	0	0	0	1	0	0	0	0	0	0	0	0	24	0	0	0	0	0	0	0	0	3	0	0	1	3	0	1	0	0	0	0	1	0	1	0	1	0	0	0	0	1	0	0	0	0	0
2022_07_13_P9034-21_16S_pda_human_ffpe	19	0	0	0	0	0	0	3	0	0	0	0	0	0	0	0	49	16	0	32	0	0	0	0	1	0	0	0	0	0	0	0	0	0	0	0	0	0	32741	0	0	0	0	0	0	0	0	0	0	1526	0	0	0	0	0	0	0	0	0	0	0	0	0	0	0	0	0	1	0	0	0	12	0	0	0	0	0	0	5	0	1	0	0	0	14	0	1	0	0	0	0	0	0
2024_02_21_PDAML265_16S_pda_human_ffpe	466	0	0	0	23	0	0	2865	0	157	223	1050	0	1	1919	0	1916	249	16	1308	5	0	0	0	0	0	51	18	2	0	0	0	0	0	0	180	0	1	8324	63	0	1	0	0	0	0	0	0	0	37	0	0	997	263	0	0	0	0	132	18	0	0	6	0	0	12	3	0	2	4	13	255	0	0	11	1	0	0	7	0	135	0	0	0	1012	0	1	6	1	161	9	0	0
2024_02_21_PDAUS300_16S_pda_human_ffpe	1	0	0	0	0	0	0	1378	0	1	5	0	0	0	1739	0	3	38	0	267	0	0	0	0	0	0	0	0	0	0	0	0	0	0	0	171	0	0	318	0	0	50	0	0	0	0	0	0	0	0	1	0	282	148	0	0	0	0	2	0	0	0	0	0	0	0	0	0	0	0	0	0	0	1	0	0	0	0	0	0	11	0	0	0	0	0	0	0	0	24	1	0	0
2024_02_21_PDAMW304_16S_pda_human_ffpe	219	202	66	0	1	0	0	295	0	17	0	0	2	0	137	0	242	0	2	472	2	0	5	0	0	0	104	0	42	433	0	0	0	0	0	111	0	0	22393	182	0	0	0	0	0	0	37	0	14	1	0	0	386	118	0	0	0	0	1	2	0	0	51	0	0	0	68	2	15	30	0	6	0	1	24	1	0	0	85	9	8	0	1	0	0	0	0	2	0	5	0	0	6
2024_02_21_PDARD123_16S_pda_human_ffpe	891	0	0	0	1	255	0	40	0	545	451	158	0	0	43	0	34	408	0	1224	3	0	0	0	0	0	0	0	6	0	0	0	0	63	0	562	0	0	1585	0	0	0	0	1	0	0	0	0	48	0	0	0	554	473	1	0	0	0	11	0	0	0	0	2	0	0	0	0	0	755	0	3	396	1	0	0	0	0	1	0	12	0	3	0	0	0	0	7	0	15	0	0	0
2024_02_21_PDADE148_16S_pda_human_ffpe	4	0	0	0	0	27	0	189	0	0	0	0	0	0	226	0	199	0	0	488	0	0	0	0	0	0	0	0	0	366	0	0	0	0	0	87	0	0	191	0	0	0	0	0	0	0	0	0	0	0	0	0	272	113	0	0	0	0	2	0	0	0	0	0	0	0	0	0	0	1	0	0	1	0	0	0	0	0	0	0	0	0	0	0	1	0	0	0	0	0	0	0	0
2024_02_21_PDAMD158_16S_pda_human_ffpe	0	0	0	0	0	3	0	1196	0	0	0	0	0	0	843	0	512	66	1	4	1	0	0	0	1	0	2	0	0	0	0	0	0	0	0	238	0	0	203	0	0	0	0	0	0	0	0	0	0	18	0	2	150	235	0	0	0	0	3	33	0	0	4	0	0	0	0	73	0	188	0	553	72	0	1	3	0	0	3	0	26	4	4	2	0	0	0	3	1	33	0	0	0
2024_02_21_PDACJ160_16S_pda_human_ffpe	0	0	0	0	0	0	0	34	0	0	0	0	0	0	97	0	17	6	0	144	1	0	0	0	0	0	0	0	0	0	0	0	0	0	0	1	0	0	202	0	0	0	0	0	0	0	0	0	0	1	0	0	281	0	0	0	0	0	0	0	0	0	0	0	0	0	0	0	0	1	0	2	0	0	0	0	0	0	0	0	0	0	0	0	0	0	0	0	0	0	0	0	0
2024_02_21_PDAEF279_16S_pda_human_ffpe	60	0	0	0	0	0	0	2368	0	54	0	46	0	0	120	0	1	3	0	183	216	0	0	0	0	0	0	0	0	189	0	0	0	0	0	125	0	0	213	0	0	0	0	0	0	0	0	0	0	0	0	0	156	91	0	0	0	0	1	0	0	0	1	0	0	0	6	0	1	0	0	0	0	0	0	0	0	0	0	0	0	0	0	0	0	0	0	0	0	0	0	0	0
2024_02_21_PDAUG295_16S_pda_human_ffpe	408	0	16	0	2	0	0	847	0	0	0	0	0	0	1048	0	10	95	1	42	3	0	0	72	0	0	0	0	1	0	0	0	0	0	0	435	0	0	1528	0	0	0	0	0	0	0	0	8	0	173	0	3	231	321	0	0	0	0	4	0	0	0	0	8	0	0	2	108	1	7	0	34	0	0	0	0	12	0	3	3	3	1	2	1	72	0	0	0	0	0	3	0	0
2024_02_21_PDAMH296_16S_pda_human_ffpe	131	0	53	290	0	0	0	7912	1	1242	6	416	0	0	75	0	1	2	0	10	0	5	150	2768	0	0	2	0	13	0	18	0	36	331	0	4	28	9	55847	56	0	0	0	1	0	14	15	0	0	184	0	0	8	1	12	0	1	0	3	0	0	0	0	0	0	0	10	1	1	9	5	11	21	0	0	0	0	0	10	3	0	0	5	0	29	0	1	14	0	0	0	0	10
2024_02_21_PDAUD183_16S_pda_human_ffpe	0	0	0	0	0	282	0	116	0	0	0	0	0	0	192	0	278	6	0	0	3	0	1	1	0	0	0	0	1	0	0	0	0	0	0	330	0	0	83	0	0	0	0	0	0	0	0	0	0	33	0	0	517	324	0	0	0	0	3	5	0	0	7	0	0	0	1	0	1	0	0	0	106	0	4	0	0	0	6	0	0	0	0	0	0	0	0	0	0	0	0	0	0
2024_02_21_PDAAB178_16S_pda_human_ffpe	121	0	0	0	10	15	2	3787	0	0	1	1	0	0	33	0	504	27438	119	365	1262	59	105	0	0	24	0	1	0	0	0	0	17	0	0	111	0	0	2080	37	0	0	0	0	0	0	0	11	0	1406	0	0	341	132	0	0	0	0	252	0	0	0	3	0	0	134	1	0	14	1	0	3598	4	0	5	1	0	4	6	0	0	0	2	14	4011	0	0	0	0	0	0	0	0
