feature	Janthinobacterium_tructae	Klebsiella_quasipneumoniae	Escherichia_coli	Veillonella_atypica	Sphingomonas_hankookensis	Brevundimonas_sp._PAMC22021	Stenotrophomonas_maltophilia	Sphingomonas_sp._NBWT7	Cutibacterium_acnes	Variovorax_sp._PAMC_28711	Sphingomonas_sp._NY01	Fischerella_sp._NIES-3754	Calothrix_sp._NIES-3974	Variovorax_paradoxus	Phyllobacterium_sp._T1293	Phyllobacterium_zundukense	Romboutsia_sp._CE17	Sphingomonas_alpina	Ralstonia_sp._RRA.1	cyanobacterium_endosymbiont_of_Epithemia_turgida	Sphingomonas_sp._FARSPH	Acinetobacter_baumannii	Sphingomonas_panacisoli	Janthinobacterium_sp._LM6	Stanieria_cyanosphaera	Rhodococcus_sp._NBC_00297	Sphingomonas_donggukensis	Sphingomonas_sp._SUN019	Delftia_acidovorans	Methylobacterium_indicum	Sphingomonas_koreensis	Sphingomonas_sp._AAP5	Sphingomonas_sp._NIC1	Sphingomonas_insulae	Hydrogenophaga_sp._SL48	Acidovorax_sp._KKS102	Aquisediminimonas_profunda	Sphingomonas_sp._So64.6b	Phyllobacterium_sp._A18/5-2	Variovorax_sp._SRS16	Variovorax_sp._RA8	Brevibacterium_casei	Sphingomonas_sp._S2-65	Sphingomonas_taxi	Brevibacterium_sp._W7.2	Janthinobacterium_sp._HH102	Phyllobacterium_sp._628	Sphingomonas_panacis	Parvimonas_micra	Sphingomonas_sanguinis	Sphingomonas_sp._QA11	Hydrogenophaga_taeniospiralis	Brevundimonas_sp._GW460-12-10-14-LB2	Sphingomonas_sp._M1-B02	Phyllobacterium_sp._T1018	Janthinobacterium_agaricidamnosum	Sphingomonas_radiodurans	Sphingomonas_endolithica	Ralstonia_insidiosa	Sphingomonas_suaedae	Sphingomonas_sp._HMP6	Acidovorax_sp._GBBC_1281	Methylobacterium_aquaticum	Delftia_lacustris	Nodularia_spumigena	Acidovorax_carolinensis	Variovorax_sp._PMC12	Sphingomonas_melonis	Calothrix_sp._336/3	Hoeflea_sp._IMCC20628	Gloeocapsopsis_dulcis	Variovorax_sp._PBL-E5	Croceicoccus_sp._YJ47	Sphingomonas_cannabina	Janthinobacterium_sp._J1-1	Rhodoferax_koreense	Stenotrophomonas_sp._SBJS02	Tolypothrix_sp._PCC_7910	Delftia_sp._Cs1-4	Nostoc_sp._UHCC_0302	Escherichia_albertii	Brucella_suis	Thermoleptolyngbya_sp._PKUAC-SCTB121	Tolypothrix_sp._PCC_7712	Sphingomonas_sp._7/4-4	Brevundimonas_sp._DS20	Ralstonia_pseudosolanacearum	Sphingomonas_sp._NIBR02145	Sphingomonas_sp._LM7	Sphingobium_herbicidovorans	Stenotrophomonas_sp._WZN-1	Paracidovorax_citrulli	Sphingomonas_flavescens	Aminobacter_sp._SR38	Sphingosinicella_sp._BN140058	Rhizobium_sp._32-5/1	Gloeocapsa_sp._PCC_7428	Brucella_intermedia	Sphingosinithalassobacter_tenebrarum	Rhizorhabdus_phycosphaerae	Sphingobium_sp._KCTC_72723	Massilia_antarctica	Sphingomonas_sp._Y38-1Y	Fischerella_sp._JS2	Variovorax_sp._PBL-H6	Delftia_tsuruhatensis	Shigella_flexneri	Calothrix_sp._PCC_7507	Brevundimonas_albigilva	Delftia_sp._HK171	Peptoniphilus_ivorii	Sphingomonas_morindae	Burkholderia_contaminans	Rippkaea_orientalis	Hydrogenophaga_pseudoflava	Dolichospermum_flos-aquae	Chroococcidiopsis_sp._CCNUC1	Burkholderia_lata	Brevundimonas_mediterranea	Sphingomonas_lutea	Sphingomonas_sp._LY54	Sphingomonas_glaciei	Janthinobacterium_rivuli	Sphingomonas_sp._R1	Dyadobacter_sandarakinus	Cutibacterium_equinum	Rhodoferax_sediminis	Massilia_sp._H6	Staphylococcus_warneri	Novosphingobium_decolorationis	Cutibacterium_granulosum	Methylobacterium_sp._FF17	Massilia_litorea	Methylobacterium_durans	Methylorubrum_extorquens	Microbacterium_sp._PAMC21962	Bradyrhizobium_prioritasuperba	Microbacterium_chocolatum	Intestinibacter_bartlettii	Mesorhizobium_terrae	Paucibacter_sediminis	Nostoc_sp._PCC_7120_=_FACHB-418	Brevundimonas_diminuta	Roseateles_amylovorans	Richelia_sinica	Janthinobacterium_sp._1_2014MBL_MicDiv	Tolypothrix_sp._PCC_7601	Nostoc_sphaeroides	Variovorax_sp._PAMC28562	Nodularia_sphaerocarpa	Variovorax_sp._RKNM96	Rhodoferax_mekongensis	Methylobacterium_organophilum	Variovorax_boronicumulans	Clostridium_botulinum	Sphingomonas_sp._SUN039	Sphingomonas_sp._C3-2	Brucella_pseudintermedia	Methylobacterium_bullatum	Rhizobium_sp._TH2	Brevundimonas_vitisensis	Janthinobacterium_lividum	Ralstonia_solanacearum	Roseateles_depolymerans	Methylorubrum_sp._B1-46	Bradyrhizobium_sp._WD16	Comamonas_thiooxydans	Sphingomonas_sediminicola	Mitsuaria_sp._7	Hydrogenophaga_crocea	Staphylococcus_epidermidis	Terrisporobacter_mayombei	Comamonas_antarctica	Sphingobium_sp._V4	Sphingomonas_changnyeongensis	Staphylococcus_aureus	Burkholderia_glumae	Nostoc_sp._PCC_7524	Nostoc_sp._MS1	Aminobacter_sp._NyZ550	Pseudomonas_psychrotolerans	Paraclostridium_sordellii	Rhodoferax_sp._GW822-FHT02A01	Methylobacterium_sp._NMS14P	Janthinobacterium_svalbardensis	Sphingomonas_paucimobilis	Burkholderia_cenocepacia	Massilia_violaceinigra	Sphingomonas_daechungensis	Sphingosinithalassobacter_sp._CS137	Sphingomonas_sp._PAMC26645	Sphingomonas_aerolata	Planktothrix_pseudagardhii	Bartonella_australis	Clostridioides_difficile	Halotia_branconii	Cryobacterium_soli	Jeotgalibaca_arthritidis	Flavobacterium_sp._N2820	Delftia_sp._UGAL515B_04	Jeotgalibaca_ciconiae	Flavobacterium_sp._N1994	Jeotgalibaca_sp._PTS2502	Nostoc_sp._NIES-3756	Corynebacterium_afermentans	Nostoc_sp._PCC_7107	Cloacibacterium_normanense	Massilia_sp._NP310	Paracidovorax_avenae	Xylophilus_sp._GOD-11R	Rhodococcus_sp._SG20037	Comamonas_koreensis	Rhodococcus_qingshengii	Phenylobacterium_sp._NIBR_498073	Sphingomonas_lacunae	Jeotgalibaca_sp._MA1X17-3	Diaphorobacter_nitroreducens	Burkholderia_vietnamiensis	Mesorhizobium_sp._L-8-10	Nostoc_sp._UHCC_0926	Staphylococcus_pseudintermedius	Staphylococcus_hominis	Streptococcus_mitis	Variovorax_sp._PAMC26660	Nitratireductor_rhodophyticola	Brucella_sp._JSBI001	Massilia_sp._Se16.2.3	Sphingomonas_sinipercae	Aquibium_oceanicum	Shigella_boydii	uncultured_Hydrogenophaga_sp.	Bartonella_apihabitans	Neotabrizicola_shimadae	Sphingomonas_qomolangmaensis	Enhydrobacter_sp.	Comamonas_odontotermitis	Sphaerotilus_microaerophilus	Variovorax_sp._38R	Escherichia_fergusonii	Sphingomonas_kaistensis	Sphingobium_sp._SYK-6	Burkholderia_cepacia	Fuscovulum_blasticum	Brevundimonas_nasdae	Veillonella_parvula	Micrococcus_luteus	Peptostreptococcus_equinus	Bartonella_taylorii	Brevundimonas_bullata	Brucella_abortus	Bartonella_bacilliformis	Bradyrhizobium_quebecense	Priestia_aryabhattai	Sphingomonas_aliaeris	Bradyrhizobium_brasilense	Streptococcus_thermophilus	Sphingomonas_ginsengisoli_An_et_al._2013	Bradyrhizobium_sp._B097	Methylorubrum_populi	Brucella_melitensis	Salmonella_enterica	Epilithonimonas_vandammei	Peptacetobacter_hiranonis	Ralstonia_wenshanensis	Streptococcus_pneumoniae	Pseudomonas_benzopyrenica	Streptococcus_oralis	Sphingomonas_sabuli	Ralstonia_pickettii	Micrococcus_porci	Janthinobacterium_sp._PAMC25594	Brevundimonas_fontaquae	Sphingobium_sp._MI1205	Escherichia_sp._KS167_9B	Roseococcus_microcysteis	Hoylesella_buccalis	Paenibacillus_sonchi	Peptonophilus_genitalis	Pandoraea_norimbergensis	Streptococcus_toyakuensis	Streptococcus_sp._FSL_W8-0197	Streptococcus_sp._D7B5	Corynebacterium_sp._SCR221107	Paracoccus_marcusii	Cytobacillus_spongiae
J_HOOD_1	-10.8719052376592	-3.34052377714287	-2.37205935057598	-7.41247361902189	-4.49686580631226	-4.00771909300491	-2.57958360485715	-7.17146551951809	-6.96501464205067	-9.87190523765919	-5.02641518671481	-7.70198023621687	-8.41247361902189	-3.48820094518513	-5.34834328160217	-9.87190523765919	-8.06455031560158	-8.28694273693803	-6.01392424253161	-9.28694273693803	-5.31731638598155	-4.29447640962344	-6.38005214132951	-8.54997714277182	-10.8719052376592	-9.54997714277182	-8.87190523765919	-10.286942736938	-6.6239777242156	-9.28694273693803	-6.31731638598155	-7.87190523765919	-9.06455031560158	-7.54997714277182	-11.8719052376592	-10.8719052376592	-10.286942736938	-9.28694273693803	-7.96501464205067	-7.54997714277182	-8.41247361902189	-9.28694273693803	-9.54997714277182	-7.47958781488043	-8.28694273693803	-11.8719052376592	-8.41247361902189	-8.28694273693803	-11.8719052376592	-7.87190523765919	-7.41247361902189	-8.70198023621687	-10.8719052376592	-11.8719052376592	-10.286942736938	-10.286942736938	-9.87190523765919	-11.8719052376592	-7.01392424253161	-8.54997714277182	-9.54997714277182	-11.8719052376592	-8.06455031560158	-10.286942736938	-10.286942736938	-9.28694273693803	-9.06455031560158	-11.8719052376592	-9.87190523765919	-11.8719052376592	-11.8719052376592	-9.06455031560158	-11.8719052376592	-11.8719052376592	-10.286942736938	-11.8719052376592	-11.8719052376592	-9.54997714277182	-9.06455031560158	-9.54997714277182	-9.54997714277182	-10.8719052376592	-10.286942736938	-10.8719052376592	-9.54997714277182	-11.8719052376592	-9.87190523765919	-8.70198023621687	-11.8719052376592	-10.286942736938	-9.87190523765919	-11.8719052376592	-11.8719052376592	-11.8719052376592	-10.286942736938	-10.8719052376592	-11.8719052376592	-11.8719052376592	-11.8719052376592	-10.8719052376592	-10.8719052376592	-11.8719052376592	-10.8719052376592	-11.8719052376592	-10.8719052376592	-10.286942736938	-11.8719052376592	-11.8719052376592	-11.8719052376592	-11.8719052376592	-10.8719052376592	-10.286942736938	-11.8719052376592	-11.8719052376592	-11.8719052376592	-11.8719052376592	-11.8719052376592	-10.8719052376592	-11.8719052376592	-11.8719052376592	-11.8719052376592	-11.8719052376592	-11.8719052376592	NA	NA	NA	NA	NA	NA	NA	NA	NA	NA	NA	NA	NA	NA	NA	NA	NA	NA	NA	NA	NA	NA	NA	NA	NA	NA	NA	NA	NA	NA	NA	NA	NA	NA	NA	NA	NA	NA	NA	NA	NA	NA	NA	NA	NA	NA	NA	NA	NA	NA	NA	NA	NA	NA	NA	NA	NA	NA	NA	NA	NA	NA	NA	NA	NA	NA	NA	NA	NA	NA	NA	NA	NA	NA	NA	NA	NA	NA	NA	NA	NA	NA	NA	NA	NA	NA	NA	NA	NA	NA	NA	NA	NA	NA	NA	NA	NA	NA	NA	NA	NA	NA	NA	NA	NA	NA	NA	NA	NA	NA	NA	NA	NA	NA	NA	NA	NA	NA	NA	NA	NA	NA	NA	NA	NA	NA	NA	NA	NA	NA	NA	NA	NA	NA	NA	NA	NA	NA	NA	NA	NA	NA	NA	NA	NA	NA	NA	NA	NA	NA	NA	NA	NA	NA	NA	NA	NA	NA	NA	NA	NA	NA
J_HOOD_2	-12.1244444600086	-3.37290040091949	-2.39482371645555	NA	-3.78905410531466	-3.93461990112857	-2.60874462172454	-9.53948195928743	-6.29155444584384	-9.53948195928743	-6.29155444584384	-6.56985560833095	-7.95451945856627	-3.52081811502239	-6.60088250395157	-9.80251636512122	-6.42400474186749	-9.53948195928743	-6.31708953795098	-9.80251636512122	-6.26646346488101	-4.48781983946494	-7.36955695784512	-9.31708953795098	-10.1244444600086	NA	-10.1244444600086	-11.1244444600086	-6.34308474648393	-9.53948195928743	-6.7668924553905	-8.31708953795098	-8.21755386440007	-9.80251636512122	NA	-10.5394819592874	-11.1244444600086	-12.1244444600086	-9.12444446000858	-7.48058827023386	-8.42400474186749	-9.12444446000858	-10.1244444600086	-9.80251636512122	-8.31708953795098	NA	-10.1244444600086	-10.1244444600086	NA	-8.42400474186749	-8.42400474186749	-7.73212703722982	-9.12444446000858	NA	-11.1244444600086	-12.1244444600086	-12.1244444600086	-12.1244444600086	-7.60088250395157	-9.53948195928743	NA	-11.1244444600086	NA	-10.5394819592874	-8.80251636512122	-10.5394819592874	-9.12444446000858	-10.5394819592874	-8.31708953795098	NA	NA	-9.12444446000858	-12.1244444600086	-12.1244444600086	NA	-8.95451945856627	NA	-9.31708953795098	-9.31708953795098	-9.80251636512122	-12.1244444600086	-12.1244444600086	NA	NA	-8.31708953795098	-11.1244444600086	-10.5394819592874	-8.95451945856627	NA	-10.5394819592874	NA	NA	-12.1244444600086	NA	-11.1244444600086	-11.1244444600086	NA	NA	NA	NA	NA	-10.5394819592874	-10.1244444600086	-9.12444446000858	-9.12444446000858	-9.31708953795098	-12.1244444600086	-10.5394819592874	-11.1244444600086	NA	NA	NA	-11.1244444600086	-9.53948195928743	NA	NA	-12.1244444600086	-11.1244444600086	-10.5394819592874	-12.1244444600086	-10.5394819592874	-11.1244444600086	NA	-9.31708953795098	-6.42400474186749	-8.03698161875825	-10.5394819592874	-9.53948195928743	-9.53948195928743	-10.5394819592874	-9.31708953795098	-7.53948195928743	-8.53948195928743	-9.80251636512122	-8.80251636512122	-10.5394819592874	-12.1244444600086	-9.80251636512122	-8.95451945856627	-8.21755386440007	-12.1244444600086	-12.1244444600086	-12.1244444600086	-10.1244444600086	-10.5394819592874	-8.95451945856627	-10.1244444600086	-10.5394819592874	-10.5394819592874	-12.1244444600086	-10.5394819592874	-12.1244444600086	-10.5394819592874	-10.5394819592874	-12.1244444600086	-11.1244444600086	-12.1244444600086	-12.1244444600086	-9.31708953795098	-12.1244444600086	-12.1244444600086	-10.5394819592874	-10.5394819592874	-11.1244444600086	-11.1244444600086	-9.31708953795098	-12.1244444600086	-12.1244444600086	-12.1244444600086	-12.1244444600086	-10.5394819592874	-10.5394819592874	-11.1244444600086	-12.1244444600086	-12.1244444600086	-12.1244444600086	-12.1244444600086	-12.1244444600086	-12.1244444600086	-12.1244444600086	-11.1244444600086	-12.1244444600086	-12.1244444600086	-11.1244444600086	-12.1244444600086	-12.1244444600086	-12.1244444600086	-11.1244444600086	-12.1244444600086	-12.1244444600086	-12.1244444600086	-12.1244444600086	-12.1244444600086	-12.1244444600086	-12.1244444600086	-12.1244444600086	-12.1244444600086	NA	NA	NA	NA	NA	NA	NA	NA	NA	NA	NA	NA	NA	NA	NA	NA	NA	NA	NA	NA	NA	NA	NA	NA	NA	NA	NA	NA	NA	NA	NA	NA	NA	NA	NA	NA	NA	NA	NA	NA	NA	NA	NA	NA	NA	NA	NA	NA	NA	NA	NA	NA	NA	NA	NA	NA	NA	NA	NA	NA	NA	NA	NA	NA	NA	NA	NA	NA	NA	NA	NA	NA	NA	NA	NA	NA	NA	NA	NA	NA	NA	NA	NA	NA	NA	NA	NA	NA
J_HOOD_3	-10.6057881489412	-3.44928366326121	-2.42919941721788	NA	-4.40284809027093	-4.70693487239811	-2.69289881271124	-9.02082564822005	-6.12466145920459	-7.7984332268836	-5.54689445988764	-7.60578814894121	-8.73131903102506	-2.81354011927381	-4.87786769437801	-9.02082564822005	-7.60578814894121	NA	-7.14635653030391	-9.19075064966236	-5.51832530769087	-4.47650513199624	-6.57604080554715	NA	-11.1907506496624	NA	-10.1907506496624	-10.1907506496624	-7.14635653030391	NA	-7.28386005405384	-9.38339572760476	-10.6057881489412	-8.6057881489412	NA	-12.1907506496624	-12.1907506496624	NA	-7.66718869360535	-6.94282313621878	-7.94282313621878	-7.60578814894121	-9.38339572760476	-9.38339572760476	-7.43586314749889	-12.1907506496624	-9.02082564822005	NA	NA	-9.02082564822005	-7.868822554775	-7.28386005405384	-10.6057881489412	-12.1907506496624	-8.868822554775	NA	-12.1907506496624	NA	-8.38339572760476	-8.868822554775	-11.1907506496624	NA	-12.1907506496624	-8.868822554775	-9.6057881489412	-10.6057881489412	-8.73131903102506	NA	-9.6057881489412	NA	NA	-7.49031093152127	-12.1907506496624	NA	-12.1907506496624	-8.6057881489412	NA	-9.6057881489412	NA	-9.38339572760476	-10.1907506496624	NA	-11.1907506496624	-11.1907506496624	-8.73131903102506	NA	-11.1907506496624	-11.1907506496624	NA	-9.38339572760476	-12.1907506496624	-12.1907506496624	NA	NA	NA	-10.6057881489412	-12.1907506496624	-10.6057881489412	NA	NA	NA	NA	-12.1907506496624	-10.1907506496624	-10.1907506496624	-8.868822554775	-12.1907506496624	NA	NA	-11.1907506496624	NA	NA	-9.6057881489412	-12.1907506496624	NA	-12.1907506496624	-12.1907506496624	-12.1907506496624	NA	-12.1907506496624	-12.1907506496624	-10.1907506496624	NA	NA	NA	NA	NA	NA	-12.1907506496624	NA	-7.94282313621878	-8.38339572760476	NA	NA	-8.868822554775	-10.6057881489412	-12.1907506496624	-10.6057881489412	-10.6057881489412	NA	-12.1907506496624	-11.1907506496624	NA	-11.1907506496624	-12.1907506496624	-12.1907506496624	-10.1907506496624	-12.1907506496624	NA	-11.1907506496624	NA	-12.1907506496624	NA	-10.1907506496624	-9.868822554775	-12.1907506496624	NA	NA	NA	NA	-12.1907506496624	-11.1907506496624	-11.1907506496624	NA	NA	-11.1907506496624	NA	-9.6057881489412	NA	NA	-8.19075064966236	-10.1907506496624	NA	NA	NA	-11.1907506496624	NA	-11.1907506496624	-12.1907506496624	NA	NA	-12.1907506496624	-11.1907506496624	NA	-11.1907506496624	-9.02082564822005	NA	NA	-10.6057881489412	NA	-12.1907506496624	-12.1907506496624	-12.1907506496624	-12.1907506496624	NA	-10.6057881489412	NA	-8.6057881489412	-10.6057881489412	-9.02082564822005	-7.868822554775	-10.1907506496624	-11.1907506496624	-11.1907506496624	-12.1907506496624	-12.1907506496624	-10.6057881489412	-9.868822554775	-12.1907506496624	-10.1907506496624	-12.1907506496624	-9.02082564822005	-11.1907506496624	-10.1907506496624	-12.1907506496624	-11.1907506496624	-12.1907506496624	-11.1907506496624	-12.1907506496624	-12.1907506496624	-12.1907506496624	-12.1907506496624	-12.1907506496624	-12.1907506496624	-12.1907506496624	-12.1907506496624	-11.1907506496624	-12.1907506496624	-12.1907506496624	-12.1907506496624	NA	NA	NA	NA	NA	NA	NA	NA	NA	NA	NA	NA	NA	NA	NA	NA	NA	NA	NA	NA	NA	NA	NA	NA	NA	NA	NA	NA	NA	NA	NA	NA	NA	NA	NA	NA	NA	NA	NA	NA	NA	NA	NA	NA	NA	NA	NA	NA	NA	NA	NA	NA	NA	NA	NA
J_HOOD_4	-8.66943022049378	-3.42442610225696	-2.55448664282134	NA	-4.48722688927303	-4.76995709644775	-2.69744459666338	-8.91043831999758	-5.89413650766848	-9.36986993863488	-6.04794184374751	-7.61498243647141	-8.28240709738454	-3.45997685486483	-7.12194242519129	-11.3698699386349	-5.86207529843618	-10.3698699386349	-8.91043831999758	-9.04794184374751	-5.97755251585612	-4.60168561385795	-6.75516009451967	-9.04794184374751	-12.3698699386349	NA	-10.0479418437475	-10.0479418437475	-6.75516009451967	NA	-7.12194242519129	-9.56251501657727	-9.36986993863488	-8.12194242519129	-10.0479418437475	-12.3698699386349	NA	-11.3698699386349	-10.3698699386349	-6.8780168423052	-8.66943022049378	NA	-9.36986993863488	-9.04794184374751	NA	NA	-10.0479418437475	-11.3698699386349	NA	-9.78490743791372	-8.36986993863488	-7.84630798257786	-10.0479418437475	NA	-12.3698699386349	-9.19994493719256	-12.3698699386349	NA	-10.3698699386349	-10.0479418437475	-10.7849074379137	NA	-11.3698699386349	-11.3698699386349	-8.91043831999758	-11.3698699386349	-9.36986993863488	-11.3698699386349	-8.78490743791372	NA	NA	-7.97755251585612	NA	NA	-10.7849074379137	-11.3698699386349	NA	-9.36986993863488	-12.3698699386349	-12.3698699386349	-11.3698699386349	NA	NA	-12.3698699386349	-10.7849074379137	NA	-10.7849074379137	-10.3698699386349	NA	-9.36986993863488	NA	NA	NA	NA	-12.3698699386349	NA	NA	NA	NA	NA	-12.3698699386349	NA	-11.3698699386349	-10.0479418437475	-9.36986993863488	-11.3698699386349	NA	-10.0479418437475	-12.3698699386349	-11.3698699386349	NA	NA	-10.0479418437475	-10.0479418437475	-5.33644693709743	-10.7849074379137	NA	NA	NA	-12.3698699386349	-12.3698699386349	-12.3698699386349	-10.3698699386349	-12.3698699386349	NA	NA	NA	NA	NA	NA	NA	-9.56251501657727	NA	NA	-7.36986993863488	NA	-12.3698699386349	-11.3698699386349	-10.3698699386349	-12.3698699386349	-11.3698699386349	-12.3698699386349	NA	-10.3698699386349	-11.3698699386349	-10.3698699386349	-12.3698699386349	-12.3698699386349	NA	NA	NA	-12.3698699386349	NA	-12.3698699386349	NA	-11.3698699386349	-12.3698699386349	NA	NA	NA	NA	-9.04794184374751	NA	NA	-11.3698699386349	-9.19994493719256	-11.3698699386349	NA	-12.3698699386349	-3.16774611480441	NA	-9.36986993863488	NA	NA	NA	NA	-12.3698699386349	NA	-11.3698699386349	NA	NA	NA	NA	NA	-10.0479418437475	-11.3698699386349	-10.0479418437475	-12.3698699386349	-12.3698699386349	NA	NA	NA	NA	NA	NA	-11.3698699386349	NA	NA	-12.3698699386349	NA	NA	NA	NA	-11.3698699386349	NA	-12.3698699386349	NA	NA	NA	NA	NA	NA	NA	NA	NA	NA	-11.3698699386349	NA	NA	NA	NA	NA	NA	NA	NA	NA	NA	NA	NA	NA	-5.99483050728795	-12.3698699386349	-9.56251501657727	-11.3698699386349	-8.56251501657727	-10.7849074379137	-11.3698699386349	-10.7849074379137	-12.3698699386349	-12.3698699386349	-11.3698699386349	-12.3698699386349	-12.3698699386349	-12.3698699386349	NA	NA	NA	NA	NA	NA	NA	NA	NA	NA	NA	NA	NA	NA	NA	NA	NA	NA	NA	NA	NA	NA	NA	NA	NA	NA	NA	NA	NA	NA	NA	NA	NA	NA	NA	NA	NA	NA	NA	NA	NA
J_BENCH_1	NA	-3.3112395309646	-2.35369371899239	NA	-3.68216465974652	-3.80888834474321	-2.51369766251207	-8.07120695049242	-7.46352437327118	-10.1415962783838	-5.14159627838382	-7.60554337814361	-8.37606153202084	-3.88232379134622	-4.91662991338354	-9.65616945121358	NA	-8.76308465513009	-10.4635243732712	-9.65616945121358	-5.65616945121358	-4.40824193776999	-6.76308465513009	NA	-12.4635243732712	-9.29359937182887	-10.4635243732712	-11.4635243732712	-5.47483968649901	-8.65616945121358	-6.65616945121358	-8.14159627838382	-9.65616945121358	-8.29359937182887	NA	-12.4635243732712	-11.4635243732712	-10.87856187255	-7.46352437327118	-8.00409275463388	-9.14159627838382	NA	-9.00409275463388	-8.65616945121358	NA	NA	-7.87856187255002	-10.1415962783838	NA	-8.46352437327118	-7.60554337814361	-8.76308465513009	-9.65616945121358	NA	-9.14159627838382	NA	-10.4635243732712	NA	-12.4635243732712	-9.46352437327118	-10.87856187255	NA	-12.4635243732712	-7.37606153202084	-9.46352437327118	-10.87856187255	-9.65616945121358	-11.4635243732712	-9.46352437327118	NA	-12.4635243732712	-9.65616945121358	NA	NA	NA	-9.65616945121358	NA	-9.87856187255002	NA	-11.4635243732712	-12.4635243732712	-11.4635243732712	-11.4635243732712	-11.4635243732712	-11.4635243732712	-11.4635243732712	NA	-11.4635243732712	NA	-12.4635243732712	-10.87856187255	NA	NA	NA	-10.87856187255	-10.87856187255	NA	-12.4635243732712	NA	-11.4635243732712	-11.4635243732712	NA	-12.4635243732712	-9.29359937182887	-10.4635243732712	-8.07120695049242	NA	-10.4635243732712	-11.4635243732712	NA	NA	-12.4635243732712	NA	-10.87856187255	-12.4635243732712	-12.4635243732712	-12.4635243732712	NA	-11.4635243732712	NA	-12.4635243732712	NA	NA	-11.4635243732712	-12.4635243732712	NA	NA	-11.4635243732712	NA	-12.4635243732712	NA	NA	NA	NA	NA	NA	NA	NA	NA	NA	NA	-12.4635243732712	NA	NA	-12.4635243732712	NA	-10.1415962783838	-9.87856187255002	NA	NA	NA	NA	NA	NA	NA	-9.87856187255002	-11.4635243732712	-12.4635243732712	NA	-12.4635243732712	-12.4635243732712	NA	NA	NA	NA	NA	NA	-11.4635243732712	NA	NA	NA	NA	-12.4635243732712	-12.4635243732712	-12.4635243732712	NA	NA	-10.87856187255	-11.4635243732712	-11.4635243732712	NA	NA	-12.4635243732712	NA	NA	-10.87856187255	NA	NA	NA	-12.4635243732712	NA	NA	NA	-12.4635243732712	NA	NA	NA	-10.1415962783838	NA	NA	-8.37606153202084	NA	-9.65616945121358	-12.4635243732712	-10.4635243732712	-12.4635243732712	NA	NA	NA	NA	NA	NA	NA	NA	-12.4635243732712	-12.4635243732712	NA	NA	-10.87856187255	-11.4635243732712	NA	NA	NA	NA	-10.87856187255	-12.4635243732712	NA	-12.4635243732712	NA	NA	NA	NA	-10.1415962783838	-11.4635243732712	NA	NA	NA	NA	-12.4635243732712	NA	NA	NA	-10.4635243732712	-12.4635243732712	-6.93996241721417	-8.65616945121358	-7.25407100764223	-12.4635243732712	-12.4635243732712	-12.4635243732712	-12.4635243732712	NA	NA	NA	NA	NA	NA	NA	NA	NA	NA	NA	NA	NA	NA	NA	NA	NA	NA	NA	NA	NA	NA	NA	NA	NA	NA	NA	NA	NA	NA	NA	NA	NA	NA
J_BENCH_2	NA	-3.3558754268107	-2.22463089353245	NA	-3.89901775183723	-3.79126157148135	-2.39686383826154	-8.51372759595244	-6.1632303488683	-10.8356556908398	-5.8356556908398	-7.51372759595244	-7.74819284958946	-4.55953128556556	-3.90491835327691	-8.0283007687822	-9.51372759595244	-9.25069319011864	NA	-8.66573068939749	-5.49580568795518	-4.5688691501449	-6.47810368622172	NA	-10.2506931901186	NA	-10.2506931901186	-10.8356556908398	-7.58772817739621	-10.8356556908398	-7.13521597269871	-8.66573068939749	-10.8356556908398	-8.0283007687822	NA	-10.2506931901186	NA	-9.8356556908398	-6.79126157148135	-8.66573068939749	-8.8356556908398	NA	-8.66573068939749	-8.3762240722025	NA	NA	-7.3762240722025	-10.8356556908398	NA	-8.51372759595244	-8.0283007687822	-9.8356556908398	-10.2506931901186	NA	-8.8356556908398	NA	NA	NA	NA	-9.51372759595244	-11.8356556908398	-11.8356556908398	NA	-11.8356556908398	-10.2506931901186	-11.8356556908398	-10.8356556908398	-11.8356556908398	-8.25069319011864	NA	NA	-10.8356556908398	-11.8356556908398	NA	NA	-10.2506931901186	NA	-8.13521597269871	NA	-10.2506931901186	-9.8356556908398	-11.8356556908398	-11.8356556908398	-11.8356556908398	-10.8356556908398	NA	NA	-10.8356556908398	-11.8356556908398	-10.2506931901186	NA	-11.8356556908398	-11.8356556908398	-11.8356556908398	NA	-7.58772817739621	-11.8356556908398	NA	NA	NA	NA	NA	-11.8356556908398	-11.8356556908398	-11.8356556908398	-11.8356556908398	-11.8356556908398	-10.2506931901186	NA	NA	NA	-11.8356556908398	NA	-9.8356556908398	NA	-10.8356556908398	-11.8356556908398	NA	-10.8356556908398	-11.8356556908398	-11.8356556908398	-10.8356556908398	NA	-11.8356556908398	NA	NA	NA	-10.2506931901186	NA	NA	-11.8356556908398	-8.0283007687822	-11.8356556908398	NA	NA	NA	NA	NA	-10.8356556908398	-11.8356556908398	NA	-10.2506931901186	NA	NA	-10.8356556908398	NA	-10.2506931901186	NA	NA	NA	NA	NA	NA	-11.8356556908398	NA	NA	-11.8356556908398	-11.8356556908398	-10.8356556908398	NA	NA	NA	NA	NA	NA	NA	NA	-11.8356556908398	NA	-11.8356556908398	NA	NA	NA	-10.8356556908398	NA	NA	NA	-10.8356556908398	-11.8356556908398	NA	NA	NA	NA	-11.8356556908398	NA	-11.8356556908398	NA	NA	-11.8356556908398	NA	-11.8356556908398	-11.8356556908398	NA	NA	NA	-10.2506931901186	NA	NA	NA	NA	NA	NA	NA	NA	NA	-11.8356556908398	NA	-10.2506931901186	NA	NA	NA	NA	NA	NA	NA	NA	NA	NA	NA	NA	NA	NA	NA	-11.8356556908398	-10.8356556908398	NA	-11.8356556908398	NA	NA	NA	NA	-11.8356556908398	NA	NA	-7.25069319011864	NA	NA	NA	NA	-11.8356556908398	-11.8356556908398	NA	NA	-11.8356556908398	NA	NA	NA	-11.8356556908398	NA	NA	NA	-10.8356556908398	-11.8356556908398	-11.8356556908398	-10.8356556908398	-8.3762240722025	-11.8356556908398	-10.8356556908398	-11.8356556908398	-11.8356556908398	-11.8356556908398	NA	NA	NA	NA	NA	NA	NA	NA	NA	NA	NA	NA	NA	NA	NA	NA	NA	NA	NA	NA	NA	NA	NA	NA
J_BENCH_3	NA	-3.23351101508324	-2.15226069456008	NA	-5.03361619806146	-3.94764297495161	-2.30617337801376	-7.54457811733884	-6.82211209286775	-9.54457811733884	-4.90072192756412	-6.77904337097586	-8.28154371150505	-4.03995772493529	-5.0720903458761	-8.69658121078389	-6.4402414575241	-10.281543711505	-8.28154371150505	-10.281543711505	-5.95961561661768	-4.50895420760812	-6.4402414575241	NA	-10.281543711505	-11.8665062122262	-9.8665062122262	-10.8665062122262	-5.88922628872629	NA	-6.73722319528124	-9.28154371150505	-9.8665062122262	-8.4070745935889	NA	-11.8665062122262	NA	-11.8665062122262	-7.34294425616919	-8.28154371150505	-9.0591512901686	NA	-10.281543711505	-8.8665062122262	NA	NA	-7.77904337097586	NA	NA	-8.54457811733884	-8.0591512901686	-8.8665062122262	-10.8665062122262	NA	-9.8665062122262	NA	NA	-11.8665062122262	-10.281543711505	-10.281543711505	-10.8665062122262	NA	NA	-9.54457811733884	-9.28154371150505	NA	-10.281543711505	NA	-8.54457811733884	NA	NA	-9.28154371150505	NA	-11.8665062122262	NA	-10.8665062122262	-10.281543711505	-8.8665062122262	NA	NA	-10.8665062122262	NA	-10.8665062122262	-10.281543711505	-9.28154371150505	NA	NA	-10.8665062122262	NA	-8.69658121078389	-11.8665062122262	NA	NA	-11.8665062122262	NA	-11.8665062122262	-9.28154371150505	-11.8665062122262	-11.8665062122262	-11.8665062122262	NA	NA	NA	-10.8665062122262	-10.8665062122262	-9.0591512901686	-11.8665062122262	-8.8665062122262	NA	NA	NA	-11.8665062122262	NA	-9.28154371150505	-11.8665062122262	-11.8665062122262	NA	NA	-10.8665062122262	-11.8665062122262	NA	-11.8665062122262	NA	NA	NA	-11.8665062122262	NA	NA	-11.8665062122262	NA	NA	-7.34294425616919	NA	-10.8665062122262	NA	NA	NA	NA	-11.8665062122262	NA	NA	NA	-11.8665062122262	NA	-10.8665062122262	NA	NA	NA	NA	NA	NA	NA	NA	NA	NA	NA	NA	-11.8665062122262	-10.8665062122262	-11.8665062122262	-11.8665062122262	NA	NA	NA	NA	NA	-11.8665062122262	-11.8665062122262	NA	NA	-8.0591512901686	-9.8665062122262	-11.8665062122262	NA	NA	-11.8665062122262	NA	NA	-10.8665062122262	-11.8665062122262	-10.8665062122262	NA	-10.8665062122262	NA	NA	NA	NA	NA	-10.8665062122262	-11.8665062122262	NA	NA	NA	NA	NA	-10.281543711505	NA	NA	NA	NA	NA	NA	NA	-10.8665062122262	NA	NA	NA	NA	NA	NA	NA	NA	NA	-11.8665062122262	NA	NA	NA	NA	NA	-11.8665062122262	NA	NA	-8.16606649408511	NA	-10.281543711505	-11.8665062122262	NA	NA	-11.8665062122262	NA	NA	NA	NA	-11.8665062122262	-11.8665062122262	NA	-11.8665062122262	-11.8665062122262	-11.8665062122262	NA	NA	NA	NA	NA	NA	NA	NA	NA	NA	NA	NA	NA	NA	NA	-10.8665062122262	NA	-11.8665062122262	-10.8665062122262	NA	NA	-11.8665062122262	-9.8665062122262	-10.8665062122262	-11.8665062122262	-11.8665062122262	-10.8665062122262	-9.54457811733884	-10.8665062122262	NA	NA	NA	NA	NA	NA	NA	NA	NA	NA	NA	NA	NA	NA	NA	NA	NA
J_BENCH_4	NA	-3.38291872477651	-2.18843047029439	NA	-4.26946067499323	-3.88815403302693	-2.51143346529919	-10.1642784383012	-7.46383872016008	-12.1642784383012	-5.175593751529	-6.35692351624357	-7.25738784269265	-3.93065876154147	-4.05053627225198	-7.91635092485758	NA	-10.1642784383012	-8.70484681966387	-8.35692351624357	-5.65648379810247	-4.72965021066445	-6.87887621943892	NA	-10.1642784383012	NA	-11.1642784383012	-9.84235034341381	-6.73801368359907	-8.35692351624357	-6.73801368359907	-9.35692351624357	-8.84235034341381	-7.99435343685886	NA	NA	NA	NA	-6.84235034341381	-8.46383872016008	-8.99435343685886	NA	-11.1642784383012	-8.99435343685886	NA	NA	-7.25738784269265	NA	NA	-9.35692351624357	-7.77196101552241	-8.07681559705083	-8.99435343685886	-12.1642784383012	-8.99435343685886	NA	-12.1642784383012	NA	-11.1642784383012	-9.16427843830117	-11.1642784383012	NA	-7.99435343685886	-9.16427843830117	-8.46383872016008	-12.1642784383012	-9.84235034341381	NA	-7.57931593758001	NA	-11.1642784383012	-8.70484681966387	-12.1642784383012	-12.1642784383012	NA	-10.1642784383012	NA	-8.16427843830117	NA	-9.57931593758001	-12.1642784383012	-9.84235034341381	-12.1642784383012	-10.57931593758	-9.84235034341381	-11.1642784383012	NA	-10.57931593758	NA	-12.1642784383012	NA	NA	NA	-12.1642784383012	-11.1642784383012	-10.57931593758	-12.1642784383012	NA	NA	-12.1642784383012	-12.1642784383012	NA	NA	-8.46383872016008	-9.35692351624357	-10.57931593758	NA	-8.70484681966387	-12.1642784383012	-11.1642784383012	NA	NA	NA	-8.16427843830117	NA	-12.1642784383012	-10.57931593758	NA	-10.57931593758	-12.1642784383012	-10.57931593758	-12.1642784383012	NA	NA	NA	NA	NA	NA	NA	NA	-9.16427843830117	-11.1642784383012	NA	NA	NA	NA	NA	NA	NA	NA	NA	-12.1642784383012	NA	NA	-9.84235034341381	NA	-11.1642784383012	-12.1642784383012	NA	-12.1642784383012	-12.1642784383012	NA	NA	NA	NA	NA	NA	-11.1642784383012	NA	-12.1642784383012	NA	NA	NA	NA	NA	NA	NA	-11.1642784383012	NA	-12.1642784383012	NA	NA	NA	-12.1642784383012	NA	NA	NA	-11.1642784383012	-11.1642784383012	-12.1642784383012	NA	NA	-12.1642784383012	NA	NA	-11.1642784383012	NA	NA	NA	NA	NA	NA	NA	NA	NA	-9.57931593758001	NA	NA	NA	-10.57931593758	NA	NA	NA	-11.1642784383012	NA	NA	NA	NA	NA	NA	NA	NA	NA	NA	NA	NA	NA	NA	-10.57931593758	-12.1642784383012	NA	NA	NA	NA	-10.57931593758	-12.1642784383012	NA	-12.1642784383012	-12.1642784383012	NA	-12.1642784383012	-10.57931593758	NA	NA	NA	NA	NA	NA	NA	-11.1642784383012	NA	NA	NA	NA	NA	NA	NA	NA	NA	-10.57931593758	-12.1642784383012	NA	NA	NA	NA	NA	NA	NA	-11.1642784383012	NA	NA	NA	NA	-8.46383872016008	NA	NA	NA	NA	-10.1642784383012	NA	NA	NA	NA	NA	NA	NA	NA	NA	NA	NA	NA	NA	NA	NA	NA
U_HOOD_1	NA	-3.91632000852845	-1.37267538598807	NA	-4.59912983264775	-4.57403885168492	-3.11913689152814	-9.84705734609133	-8.62466492475489	NA	-5.67713234464902	-8.84705734609133	-10.4320198468125	-6.43201984681249	-5.59912983264775	-9.11009175192513	-8.11009175192513	-11.4320198468125	-7.97258822817519	NA	-7.62466492475489	-2.49832919186026	-8.26209484537018	NA	-11.4320198468125	-11.4320198468125	NA	-9.43201984681249	-9.43201984681249	NA	-8.11009175192513	-9.43201984681249	-9.11009175192513	-9.11009175192513	NA	NA	NA	-10.4320198468125	-7.7315801286714	-9.43201984681249	-11.4320198468125	NA	-11.4320198468125	-9.11009175192513	NA	NA	-10.4320198468125	-10.4320198468125	NA	-8.62466492475489	-9.11009175192513	NA	-10.4320198468125	NA	-11.4320198468125	-10.4320198468125	-9.84705734609133	-11.4320198468125	-8.62466492475489	-11.4320198468125	-10.4320198468125	NA	NA	-10.4320198468125	-10.4320198468125	-10.4320198468125	-8.84705734609133	NA	-9.11009175192513	NA	NA	-9.43201984681249	NA	NA	NA	-11.4320198468125	NA	-8.84705734609133	NA	-10.4320198468125	-8.84705734609133	-10.4320198468125	NA	NA	-11.4320198468125	-8.62466492475489	NA	NA	NA	-11.4320198468125	NA	NA	NA	NA	-10.4320198468125	-8.84705734609133	-11.4320198468125	-9.84705734609133	-11.4320198468125	NA	NA	NA	NA	NA	NA	NA	-8.84705734609133	-11.4320198468125	NA	NA	NA	NA	-10.4320198468125	-10.4320198468125	NA	NA	NA	NA	-11.4320198468125	NA	-11.4320198468125	NA	NA	-11.4320198468125	NA	NA	NA	NA	NA	NA	NA	NA	NA	NA	-11.4320198468125	NA	NA	NA	-11.4320198468125	NA	NA	NA	NA	NA	-9.84705734609133	-9.43201984681249	-11.4320198468125	NA	NA	-11.4320198468125	-8.84705734609133	NA	NA	NA	NA	NA	NA	-11.4320198468125	NA	NA	NA	-8.84705734609133	NA	NA	NA	NA	-11.4320198468125	NA	NA	NA	NA	-10.4320198468125	NA	NA	NA	-11.4320198468125	NA	-11.4320198468125	-11.4320198468125	NA	NA	-10.4320198468125	NA	NA	NA	-10.4320198468125	NA	NA	NA	NA	-11.4320198468125	-11.4320198468125	NA	-10.4320198468125	-11.4320198468125	-9.84705734609133	NA	NA	NA	NA	NA	NA	NA	-10.4320198468125	NA	-11.4320198468125	NA	NA	NA	-11.4320198468125	-10.4320198468125	NA	-9.84705734609133	NA	-10.4320198468125	NA	NA	-11.4320198468125	NA	NA	NA	NA	NA	-11.4320198468125	NA	-10.4320198468125	NA	-11.4320198468125	NA	-10.4320198468125	NA	NA	NA	NA	NA	NA	NA	NA	-10.4320198468125	NA	NA	-10.4320198468125	NA	NA	-9.43201984681249	-8.84705734609133	-8.84705734609133	NA	NA	NA	NA	-11.4320198468125	NA	-11.4320198468125	NA	NA	-11.4320198468125	NA	NA	NA	NA	NA	-11.4320198468125	NA	NA	NA	NA	NA	NA	-9.11009175192513	-11.4320198468125	-9.43201984681249	-11.4320198468125	-11.4320198468125	NA	NA	NA	NA	NA	NA	NA	NA	NA	NA	NA
U_HOOD_2	NA	-4.14054703242387	-1.42156718373103	NA	-4.5684085720603	-4.3757634941179	-3.07808294547722	-8.96072599483906	-6.71279848139547	NA	-5.23280554027586	-9.96072599483906	-10.9607259948391	-7.05383539923054	-6.96072599483906	NA	NA	NA	-7.6387978999517	-10.9607259948391	-6.5684085720603	-2.39467195666797	-7.96072599483906	NA	NA	NA	-9.96072599483906	NA	-6.5684085720603	NA	-7.6387978999517	-9.3757634941179	-7.79080099339675	-8.3757634941179	NA	NA	NA	NA	-10.9607259948391	-10.9607259948391	NA	NA	-10.9607259948391	-7.79080099339675	NA	NA	-10.9607259948391	-10.9607259948391	NA	-8.96072599483906	-9.96072599483906	NA	-10.9607259948391	NA	NA	NA	-10.9607259948391	-9.3757634941179	NA	-9.3757634941179	NA	NA	NA	-9.3757634941179	-10.9607259948391	-10.9607259948391	-9.3757634941179	NA	-10.9607259948391	-10.9607259948391	NA	-10.9607259948391	NA	NA	NA	NA	NA	-8.96072599483906	NA	-9.96072599483906	-8.6387978999517	NA	NA	-10.9607259948391	-9.3757634941179	-7.79080099339675	-10.9607259948391	-9.96072599483906	NA	NA	NA	NA	NA	NA	NA	-9.96072599483906	-10.9607259948391	NA	NA	-10.9607259948391	NA	NA	NA	NA	NA	-9.3757634941179	-8.3757634941179	-9.3757634941179	-10.9607259948391	NA	NA	-10.9607259948391	NA	-10.9607259948391	NA	NA	NA	NA	NA	-10.9607259948391	NA	-9.96072599483906	NA	NA	NA	NA	NA	NA	NA	NA	-9.96072599483906	NA	NA	NA	NA	NA	NA	NA	NA	NA	-10.9607259948391	NA	NA	-9.96072599483906	-10.9607259948391	-10.9607259948391	NA	-9.96072599483906	NA	NA	NA	NA	NA	NA	NA	NA	NA	NA	NA	NA	-10.9607259948391	-9.3757634941179	-10.9607259948391	NA	NA	NA	NA	-10.9607259948391	NA	NA	-8.6387978999517	NA	NA	NA	-10.9607259948391	-10.9607259948391	NA	NA	NA	NA	NA	NA	NA	NA	-10.9607259948391	-9.3757634941179	NA	NA	-10.9607259948391	NA	NA	NA	-9.96072599483906	-10.9607259948391	NA	NA	NA	NA	NA	NA	NA	NA	NA	NA	NA	NA	NA	NA	NA	NA	NA	NA	NA	NA	NA	NA	NA	NA	NA	NA	NA	-9.3757634941179	NA	NA	NA	NA	NA	-9.96072599483906	NA	-10.9607259948391	NA	NA	NA	-10.9607259948391	NA	NA	NA	NA	-10.9607259948391	NA	-10.9607259948391	NA	NA	-10.9607259948391	NA	NA	NA	NA	NA	-10.9607259948391	NA	NA	NA	NA	NA	NA	NA	NA	NA	NA	-9.3757634941179	NA	NA	NA	NA	NA	NA	NA	NA	NA	NA	-9.96072599483906	NA	NA	-10.9607259948391	-9.3757634941179	-10.9607259948391	-10.9607259948391	NA	NA	NA	NA	NA	NA	NA
U_HOOD_3	NA	-4.18132976471456	-1.42644226255109	NA	-5.48618434624298	-4.46512273071515	-3.16425625135562	-7.98868468677217	-7.76629226543572	NA	-6.05008523143631	-10.5736471874933	-10.5736471874933	-6.05008523143631	-6.76629226543572	-10.5736471874933	NA	NA	-6.98868468677217	NA	-6.87320746935223	-2.45470611476981	-7.57364718749332	NA	-10.5736471874933	-10.5736471874933	NA	-9.57364718749332	-9.57364718749332	NA	-8.98868468677217	NA	-9.57364718749332	-8.98868468677217	NA	NA	-9.57364718749332	NA	-7.98868468677217	-8.57364718749332	-10.5736471874933	NA	NA	-8.98868468677217	NA	NA	-9.57364718749332	NA	NA	-7.76629226543572	-8.57364718749332	-10.5736471874933	NA	NA	NA	NA	NA	-10.5736471874933	-7.98868468677217	-10.5736471874933	NA	NA	NA	NA	-8.98868468677217	NA	-7.25171909260596	-10.5736471874933	NA	-10.5736471874933	NA	-8.57364718749332	NA	NA	NA	NA	NA	NA	-10.5736471874933	-10.5736471874933	-8.98868468677217	NA	NA	NA	-10.5736471874933	-7.98868468677217	NA	-9.57364718749332	NA	-9.57364718749332	NA	-10.5736471874933	NA	NA	-10.5736471874933	-10.5736471874933	NA	NA	NA	NA	NA	NA	-10.5736471874933	NA	NA	NA	-10.5736471874933	NA	NA	NA	NA	-10.5736471874933	NA	NA	NA	NA	NA	-10.5736471874933	NA	-10.5736471874933	NA	NA	NA	NA	NA	NA	NA	NA	NA	NA	NA	-7.11421556885603	NA	NA	NA	NA	NA	NA	NA	NA	NA	NA	NA	-9.57364718749332	NA	NA	-9.57364718749332	NA	-10.5736471874933	NA	-7.98868468677217	NA	-10.5736471874933	NA	NA	NA	NA	NA	-10.5736471874933	NA	NA	NA	-10.5736471874933	NA	NA	-9.57364718749332	-10.5736471874933	-10.5736471874933	NA	NA	NA	NA	NA	-9.57364718749332	NA	NA	NA	NA	NA	NA	NA	-10.5736471874933	NA	NA	NA	-10.5736471874933	NA	NA	NA	NA	NA	-10.5736471874933	NA	NA	NA	NA	NA	NA	NA	NA	NA	NA	NA	NA	NA	NA	NA	NA	NA	NA	-10.5736471874933	NA	-10.5736471874933	NA	NA	NA	NA	NA	NA	NA	NA	NA	-7.57364718749332	NA	-10.5736471874933	NA	NA	-10.5736471874933	NA	NA	NA	-10.5736471874933	NA	NA	-8.98868468677217	NA	NA	NA	-10.5736471874933	NA	NA	NA	NA	NA	-7.11421556885603	NA	-10.5736471874933	NA	NA	NA	NA	NA	NA	-9.57364718749332	NA	NA	NA	NA	-10.5736471874933	NA	-9.57364718749332	NA	NA	NA	-7.76629226543572	NA	-6.48618434624298	-10.5736471874933	NA	NA	NA	-8.57364718749332	NA	NA	NA	-8.98868468677217	-8.25171909260596	NA	-9.57364718749332	-9.57364718749332	-8.25171909260596	-8.57364718749332	NA	NA	NA
U_HOOD_4	NA	-3.76326457273815	-1.37570780988141	NA	-4.71859552340442	-4.33468054162136	-3.29478781449785	-9.0761475280225	-6.32126002585904	NA	-6.07614752802251	-10.0761475280225	-11.0761475280225	-6.90622252658019	-5.90622252658019	-9.0761475280225	-10.0761475280225	NA	-8.49118502730135	NA	-6.98868468677217	-2.37224395457784	-8.2687926059649	NA	NA	-11.0761475280225	-9.49118502730135	-10.0761475280225	NA	NA	-8.0761475280225	-11.0761475280225	-9.49118502730135	-8.75421943313514	NA	NA	-10.0761475280225	-11.0761475280225	-7.61671590938521	-10.0761475280225	NA	NA	-11.0761475280225	-8.75421943313514	NA	NA	-9.0761475280225	NA	NA	-8.49118502730135	-10.0761475280225	NA	-11.0761475280225	NA	-10.0761475280225	NA	-11.0761475280225	-11.0761475280225	-9.0761475280225	NA	NA	NA	NA	NA	-9.0761475280225	NA	-9.0761475280225	NA	-11.0761475280225	NA	NA	-9.49118502730135	NA	NA	NA	NA	NA	-8.0761475280225	NA	NA	-8.49118502730135	-11.0761475280225	NA	NA	-10.0761475280225	-7.90622252658019	NA	-11.0761475280225	NA	-11.0761475280225	NA	NA	NA	-11.0761475280225	-10.0761475280225	-10.0761475280225	-11.0761475280225	NA	NA	NA	NA	NA	NA	-11.0761475280225	NA	NA	-9.49118502730135	-9.49118502730135	NA	NA	NA	NA	NA	NA	NA	NA	NA	NA	-11.0761475280225	NA	NA	-10.0761475280225	NA	NA	NA	NA	NA	NA	NA	NA	NA	NA	NA	-11.0761475280225	NA	NA	NA	NA	-11.0761475280225	NA	NA	NA	NA	-11.0761475280225	-11.0761475280225	NA	NA	NA	NA	NA	-9.49118502730135	NA	-10.0761475280225	NA	NA	NA	NA	NA	NA	NA	NA	NA	NA	-11.0761475280225	-11.0761475280225	-11.0761475280225	-11.0761475280225	-10.0761475280225	-11.0761475280225	NA	NA	NA	NA	-10.0761475280225	NA	-11.0761475280225	-11.0761475280225	NA	-11.0761475280225	NA	NA	NA	NA	NA	NA	-10.0761475280225	NA	NA	NA	NA	NA	NA	NA	NA	NA	NA	NA	-11.0761475280225	NA	NA	NA	NA	NA	NA	NA	NA	NA	NA	NA	NA	NA	NA	NA	NA	-11.0761475280225	NA	NA	NA	-10.0761475280225	NA	NA	-8.49118502730135	NA	NA	-11.0761475280225	-11.0761475280225	NA	-11.0761475280225	NA	-11.0761475280225	NA	NA	-11.0761475280225	NA	-11.0761475280225	NA	NA	NA	-9.49118502730135	NA	-10.0761475280225	NA	NA	-11.0761475280225	NA	NA	NA	NA	-8.49118502730135	NA	-11.0761475280225	NA	NA	NA	NA	NA	NA	NA	NA	NA	-9.49118502730135	NA	NA	NA	NA	NA	NA	NA	-11.0761475280225	NA	NA	-9.0761475280225	-10.0761475280225	NA	NA	NA	NA	NA	NA	NA	NA	NA	-10.0761475280225	NA	NA
U_BENCH_1	NA	-4.27032689840015	-1.55893121083066	NA	-4.33682231018706	-4.40653128199846	-3.14587952747566	-8.74281466986289	-6.30985526258679	NA	-5.81681525130667	-9.4797802640291	-10.0647427647503	-6.36430304660916	-4.97727992349992	-9.4797802640291	-8.74281466986289	-11.0647427647503	-6.25738784269265	-11.0647427647503	-6.11054645436338	-2.58496250072116	-7.15785216914174	NA	-10.0647427647503	NA	-11.0647427647503	-10.0647427647503	-7.74281466986289	NA	-8.06474276475025	-8.74281466986289	-11.0647427647503	-8.74281466986289	NA	NA	NA	NA	-6.89481776330794	-10.0647427647503	NA	NA	-11.0647427647503	-8.74281466986289	NA	NA	-7.15785216914174	NA	NA	-7.74281466986289	-8.74281466986289	-11.0647427647503	-9.4797802640291	-11.0647427647503	-11.0647427647503	NA	NA	-9.4797802640291	-8.4797802640291	NA	-10.0647427647503	NA	NA	-10.0647427647503	-10.0647427647503	NA	-10.0647427647503	-11.0647427647503	NA	NA	NA	-11.0647427647503	NA	-10.0647427647503	NA	-11.0647427647503	NA	NA	NA	-11.0647427647503	-8.74281466986289	NA	NA	-11.0647427647503	NA	-9.4797802640291	-11.0647427647503	-10.0647427647503	-10.0647427647503	-11.0647427647503	NA	NA	NA	-11.0647427647503	-9.4797802640291	-11.0647427647503	NA	NA	NA	-11.0647427647503	-11.0647427647503	NA	-11.0647427647503	-10.0647427647503	NA	-10.0647427647503	-8.4797802640291	NA	NA	NA	NA	NA	-9.4797802640291	NA	NA	-11.0647427647503	NA	NA	-11.0647427647503	NA	-11.0647427647503	-11.0647427647503	NA	-11.0647427647503	NA	NA	NA	NA	NA	NA	-8.4797802640291	NA	NA	NA	NA	NA	NA	NA	-11.0647427647503	NA	NA	NA	-11.0647427647503	NA	-10.0647427647503	NA	-10.0647427647503	NA	NA	NA	-9.4797802640291	NA	NA	NA	NA	NA	NA	NA	NA	NA	-11.0647427647503	NA	-10.0647427647503	NA	NA	NA	-11.0647427647503	-11.0647427647503	NA	NA	-8.25738784269265	NA	NA	-11.0647427647503	NA	-11.0647427647503	NA	NA	-11.0647427647503	NA	NA	NA	NA	NA	NA	NA	NA	NA	-11.0647427647503	-11.0647427647503	NA	NA	NA	NA	NA	-11.0647427647503	NA	NA	NA	NA	-9.4797802640291	NA	-10.0647427647503	NA	NA	NA	NA	NA	-11.0647427647503	-10.0647427647503	NA	NA	NA	NA	-11.0647427647503	NA	NA	NA	NA	NA	-11.0647427647503	NA	NA	NA	-11.0647427647503	-11.0647427647503	NA	-9.06474276475025	NA	NA	NA	NA	NA	NA	NA	NA	NA	NA	NA	NA	NA	NA	NA	NA	NA	NA	NA	-11.0647427647503	-11.0647427647503	-11.0647427647503	NA	NA	NA	NA	NA	NA	NA	NA	NA	NA	-11.0647427647503	NA	NA	NA	-11.0647427647503	NA	-6.89481776330794	NA	-11.0647427647503	NA	NA	-10.0647427647503	-9.4797802640291	-10.0647427647503	NA	NA	-10.0647427647503	NA	-10.0647427647503	NA	-11.0647427647503	NA	NA	NA	NA
U_BENCH_2	NA	-4.16866224859068	-1.3244569211981	NA	-4.44310141769672	-4.76502951258408	-2.99747559858445	-8.57238443464169	-6.51349074558812	NA	-5.02806391841788	-11.1573469353628	-10.1573469353628	-7.15734693536284	-8.57238443464169	NA	-7.98742193392053	-11.1573469353628	NA	-11.1573469353628	-6.90941942191926	-2.48492159339135	-7.0698840941125	NA	-11.1573469353628	NA	NA	-10.1573469353628	-9.57238443464169	-8.83541884047548	-8.57238443464169	-8.83541884047548	-8.15734693536284	-9.15734693536284	NA	NA	-10.1573469353628	NA	-11.1573469353628	-11.1573469353628	NA	NA	-11.1573469353628	-9.15734693536284	NA	NA	NA	NA	-9.15734693536284	-8.34999201330524	-7.98742193392053	NA	-11.1573469353628	NA	NA	NA	-11.1573469353628	NA	NA	NA	-11.1573469353628	NA	-11.1573469353628	-11.1573469353628	-10.1573469353628	NA	-9.15734693536284	NA	-9.15734693536284	NA	NA	-11.1573469353628	NA	-11.1573469353628	NA	NA	NA	-11.1573469353628	NA	-10.1573469353628	-8.83541884047548	-11.1573469353628	NA	NA	-9.15734693536284	-8.83541884047548	NA	-11.1573469353628	NA	-9.15734693536284	NA	NA	NA	NA	-9.57238443464169	NA	NA	NA	NA	NA	NA	NA	NA	NA	NA	NA	-8.34999201330524	-10.1573469353628	NA	NA	NA	-9.57238443464169	-9.57238443464169	-11.1573469353628	NA	NA	NA	-11.1573469353628	-9.57238443464169	NA	NA	-10.1573469353628	NA	-11.1573469353628	NA	NA	NA	NA	NA	NA	NA	NA	NA	-11.1573469353628	-9.57238443464169	NA	NA	NA	NA	NA	NA	NA	NA	NA	NA	NA	NA	NA	NA	NA	NA	NA	NA	NA	NA	NA	-11.1573469353628	NA	NA	NA	NA	-9.57238443464169	NA	NA	NA	NA	NA	NA	NA	NA	-11.1573469353628	NA	NA	-11.1573469353628	NA	NA	NA	NA	-11.1573469353628	NA	-11.1573469353628	NA	NA	NA	NA	-9.57238443464169	-11.1573469353628	NA	-9.57238443464169	NA	-11.1573469353628	NA	NA	NA	-11.1573469353628	-10.1573469353628	NA	NA	NA	NA	NA	NA	NA	-10.1573469353628	NA	-10.1573469353628	NA	NA	NA	-11.1573469353628	NA	NA	NA	NA	-11.1573469353628	NA	NA	NA	NA	NA	NA	NA	NA	NA	NA	NA	NA	-9.57238443464169	NA	-9.15734693536284	NA	-11.1573469353628	NA	NA	NA	NA	NA	NA	-10.1573469353628	NA	NA	NA	NA	-11.1573469353628	NA	NA	NA	NA	NA	NA	NA	NA	NA	-11.1573469353628	NA	-9.57238443464169	NA	NA	NA	NA	-10.1573469353628	NA	NA	NA	NA	-11.1573469353628	NA	NA	NA	NA	NA	-10.1573469353628	NA	NA	NA	NA	-11.1573469353628	-8.15734693536284	-11.1573469353628	NA	NA	NA	NA	-11.1573469353628	NA
U_BENCH_3	-10.3847837500934	-4.14637901076827	-1.41611695689814	NA	-4.55189373592861	-4.38478375009335	-3.30796815304252	-8.21485874865104	-5.74092756031863	-11.3847837500934	-5.74092756031863	-8.57742882803575	-9.7998212493722	-8.38478375009335	-7.7998212493722	-10.3847837500934	-9.06285565520599	-10.3847837500934	-7.68434403195226	-9.7998212493722	-6.47789315448483	-2.45700578801101	-7.29732090884301	-9.38478375009335	NA	-9.7998212493722	-10.3847837500934	-10.3847837500934	-7.7998212493722	-8.38478375009335	-8.06285565520599	-9.06285565520599	-8.7998212493722	-7.57742882803575	NA	NA	-11.3847837500934	NA	-11.3847837500934	NA	NA	-7.7998212493722	-11.3847837500934	-7.57742882803575	-9.38478375009335	-11.3847837500934	-9.7998212493722	-11.3847837500934	NA	-7.7998212493722	-8.57742882803575	NA	-9.7998212493722	NA	-11.3847837500934	-11.3847837500934	NA	-11.3847837500934	-9.06285565520599	-9.7998212493722	-11.3847837500934	NA	-8.38478375009335	-10.3847837500934	-11.3847837500934	NA	-10.3847837500934	NA	-9.38478375009335	NA	NA	NA	NA	NA	NA	NA	NA	-9.7998212493722	-10.3847837500934	NA	-9.06285565520599	NA	NA	-11.3847837500934	-10.3847837500934	-7.7998212493722	NA	-11.3847837500934	NA	-11.3847837500934	NA	NA	NA	NA	-11.3847837500934	NA	NA	NA	NA	NA	NA	NA	NA	NA	NA	-11.3847837500934	-9.38478375009335	-9.7998212493722	-11.3847837500934	NA	-7.7998212493722	NA	NA	-10.3847837500934	NA	NA	-11.3847837500934	NA	-11.3847837500934	NA	-11.3847837500934	-11.3847837500934	NA	NA	NA	NA	NA	NA	NA	NA	-9.06285565520599	NA	NA	NA	-8.21485874865104	NA	NA	NA	-11.3847837500934	NA	NA	NA	NA	NA	-8.7998212493722	-9.38478375009335	NA	NA	NA	-11.3847837500934	NA	NA	NA	NA	NA	NA	NA	NA	NA	NA	-11.3847837500934	-8.7998212493722	-11.3847837500934	NA	NA	-10.3847837500934	-11.3847837500934	-11.3847837500934	NA	NA	NA	NA	NA	-10.3847837500934	-11.3847837500934	NA	NA	-11.3847837500934	-11.3847837500934	NA	NA	-10.3847837500934	NA	NA	-9.06285565520599	-10.3847837500934	NA	NA	-11.3847837500934	NA	NA	NA	NA	NA	-11.3847837500934	-11.3847837500934	NA	NA	NA	NA	NA	-11.3847837500934	NA	NA	NA	NA	NA	NA	NA	NA	NA	-8.7998212493722	NA	NA	-11.3847837500934	NA	NA	-11.3847837500934	NA	-11.3847837500934	NA	NA	NA	NA	NA	NA	NA	-9.7998212493722	NA	NA	NA	NA	-11.3847837500934	NA	NA	NA	NA	-11.3847837500934	-11.3847837500934	NA	NA	NA	NA	-11.3847837500934	NA	-9.38478375009335	-10.3847837500934	NA	NA	NA	NA	NA	NA	NA	NA	-11.3847837500934	NA	NA	NA	-11.3847837500934	-9.7998212493722	NA	-11.3847837500934	NA	-11.3847837500934	NA	NA	NA	NA	-9.7998212493722	-9.7998212493722	-11.3847837500934	-11.3847837500934	-11.3847837500934	NA	NA	NA	NA	NA	-11.3847837500934	NA	NA	NA	-11.3847837500934	-10.3847837500934
U_BENCH_4	NA	-4.40372218605101	-1.38877184458504	-7.98868468677217	-4.68490393859506	-4.57929375063446	-3.30218415958895	-9.40372218605101	-5.31625934480067	NA	-5.28824496863107	-8.40372218605101	-8.98868468677217	-6.90122184552183	-7.98868468677217	-10.9886846867722	-8.6667565918848	NA	-9.98868468677217	-10.9886846867722	-6.18132976471456	-2.53335746646761	-7.98868468677217	NA	NA	-9.98868468677217	-10.9886846867722	-10.9886846867722	-6.98868468677217	NA	-10.9886846867722	-9.40372218605101	-10.9886846867722	-8.6667565918848	NA	NA	NA	NA	-9.40372218605101	-9.98868468677217	NA	-10.9886846867722	NA	-8.18132976471456	NA	NA	-10.9886846867722	-10.9886846867722	NA	-8.98868468677217	-7.98868468677217	-10.9886846867722	-10.9886846867722	NA	NA	NA	NA	NA	NA	NA	NA	NA	NA	-7.81875968532985	-10.9886846867722	NA	-8.40372218605101	-9.98868468677217	-8.6667565918848	NA	NA	-9.98868468677217	NA	NA	NA	-10.9886846867722	NA	NA	-9.40372218605101	-10.9886846867722	-8.98868468677217	NA	NA	NA	-10.9886846867722	-8.18132976471456	NA	NA	-10.9886846867722	-9.98868468677217	NA	NA	NA	NA	NA	NA	NA	-10.9886846867722	NA	NA	NA	NA	NA	NA	NA	-8.98868468677217	-9.40372218605101	-10.9886846867722	NA	NA	NA	-10.9886846867722	NA	NA	NA	NA	NA	NA	NA	-10.9886846867722	NA	-8.98868468677217	NA	NA	NA	NA	-10.9886846867722	NA	-10.9886846867722	NA	-7.98868468677217	-9.98868468677217	NA	NA	-10.9886846867722	NA	NA	NA	NA	NA	NA	-10.9886846867722	-10.9886846867722	NA	-10.9886846867722	NA	-10.9886846867722	-10.9886846867722	-9.98868468677217	NA	-9.98868468677217	NA	-9.98868468677217	-10.9886846867722	NA	-9.98868468677217	NA	NA	-9.98868468677217	NA	NA	NA	NA	NA	NA	NA	NA	NA	NA	NA	-6.40372218605101	NA	NA	NA	NA	-9.40372218605101	NA	NA	-10.9886846867722	NA	NA	NA	NA	-10.9886846867722	-10.9886846867722	-9.98868468677217	NA	NA	-10.9886846867722	NA	NA	NA	NA	NA	-9.98868468677217	-10.9886846867722	-9.98868468677217	NA	NA	NA	NA	NA	NA	NA	NA	-10.9886846867722	-9.98868468677217	NA	-10.9886846867722	NA	NA	-9.40372218605101	NA	NA	NA	NA	NA	NA	NA	-10.9886846867722	-10.9886846867722	NA	NA	NA	NA	NA	NA	NA	NA	-8.98868468677217	NA	NA	-9.98868468677217	NA	-8.18132976471456	-9.98868468677217	NA	NA	-9.98868468677217	NA	NA	NA	NA	-10.9886846867722	NA	NA	NA	NA	NA	NA	NA	NA	-9.98868468677217	NA	NA	NA	-10.9886846867722	NA	NA	-10.9886846867722	-9.98868468677217	-10.9886846867722	NA	NA	NA	NA	-9.40372218605101	NA	NA	NA	-9.40372218605101	-10.9886846867722	NA	NA	-9.98868468677217	NA	-9.98868468677217	NA	NA	NA	-10.9886846867722	-10.9886846867722	-10.9886846867722	-9.40372218605101	-7.98868468677217
