Taxa,Prevalence,Abundance
Caldibacillus__thermoamylovorans,0.05341246290801187,16.898059135502923
Sphingomonas__paucimobilis,0.47774480712166173,16.39982850690793
Sphingomonas__hankookensis,0.6468842729970327,5.187298645355982
Fervidibacillus__albus,0.050445103857566766,3.1604872078221513
Sporosarcina__sp.__Marseille-Q4063,0.06528189910979229,2.79291374155755
Cutibacterium__acnes,0.685459940652819,2.54520953797285
Delftia__acidovorans,0.29673590504451036,1.8569048012944587
Sphingomonas__sp.__AAP5,0.6617210682492581,1.7987013550893394
Veillonella__parvula,0.4094955489614243,1.3735256258818747
Bradyrhizobium__elkanii,0.18397626112759644,1.280726309538574
Burkholderia__contaminans,0.3264094955489614,1.2361496839445993
Sphingomonas__alpina,0.6231454005934718,1.2248663647539169
Streptococcus__mitis,0.6379821958456974,1.20264485009718
Variovorax__paradoxus,0.34124629080118696,1.0021724981814206
Streptococcus__oralis,0.6350148367952523,0.9415531859039002
Haemophilus__parainfluenzae,0.24925816023738873,0.867908236277491
Bradyrhizobium__sp.__41S5,0.11869436201780416,0.8474457393140231
Niallia__sp.__XMNu-256,0.08011869436201781,0.8010432978865291
Finegoldia__magna,0.2314540059347181,0.7815772065151343
Caldifermentibacillus__hisashii,0.06824925816023739,0.7792782371881724
Streptococcus__thermophilus,0.5311572700296736,0.7132705415970946
Escherichia__coli,0.7151335311572701,0.6958807590851595
Sphingomonas__sp.__QA11,0.6528189910979229,0.6605556759159084
Methylorubrum__extorquens,0.22551928783382788,0.552888206855137
Sphingomonas__sp.__NY01,0.4035608308605341,0.5431022793084076
Peptonophilus__genitalis,0.20178041543026706,0.5416661192930174
Sphingomonas__sanguinis,0.34124629080118696,0.48648528893424237
Roseomonas__mucosa,0.09495548961424333,0.4535037071854537
Bacillus__sp.__OxB-1,0.07418397626112759,0.44457502243860864
Staphylococcus__epidermidis,0.516320474777448,0.420421928226289
Burkholderia__cenocepacia,0.258160237388724,0.41122605091844106
Abiotrophia__defectiva,0.2314540059347181,0.38642167483867695
Streptococcus__pneumoniae,0.6083086053412463,0.37706993520357734
Neobacillus__sp.__PS3-40,0.06528189910979229,0.37381352586635513
Sphingomonas__sp.__So64.6b,0.6083086053412463,0.36355444482618343
Staphylococcus__hominis,0.34421364985163205,0.35984714804226897
Bacillus__sp.__S3,0.05934718100890208,0.35249935261469073
Bradyrhizobium__septentrionale,0.1513353115727003,0.3397687403852427
Burkholderia__cepacia,0.19881305637982197,0.32992158120995035
Macrococcus__equipercicus,0.04451038575667656,0.322512554153809
Bradyrhizobium__quebecense,0.12759643916913946,0.31458027499903696
Bacillus__sp.__T3,0.05637982195845697,0.31049445542036846
Burkholderia__aenigmatica,0.18694362017804153,0.3019554264916526
Gemella__haemolysans,0.4540059347181009,0.296455712944344
Sphingomonas__panacis,0.6201780415430267,0.29643344689759377
Brucella__anthropi,0.12166172106824925,0.29529787851333167
Mesorhizobium__terrae,0.31750741839762614,0.2951754152562054
Granulicatella__adiacens,0.4124629080118694,0.28305155280070127
Methylobacterium__sp.__FF17,0.13353115727002968,0.24998647337659924
Streptococcus__salivarius,0.4896142433234421,0.23951586489230023
Burkholderia__lata,0.2344213649851632,0.2380463058067846
Parvimonas__micra,0.2166172106824926,0.23569723787463462
Peribacillus__asahii,0.13649851632047477,0.22474790938520553
Prevotella__melaninogenica,0.19584569732937684,0.2052038868501849
Brevundimonas__sp.__PAMC22021,0.19881305637982197,0.20055584959107292
Streptococcus__gordonii,0.3887240356083086,0.19785609142260666
Sphingomonas__sp.__HMP6,0.6023738872403561,0.19710461234478618
Planococcus__versutus,0.05341246290801187,0.1962807686150274
Streptococcus__parasanguinis,0.43026706231454004,0.19550702349045665
Sphingomonas__sp.__CL5.1,0.4688427299703264,0.19471101231913568
Burkholderia__glumae,0.2314540059347181,0.19172736205460392
Burkholderia__arboris,0.1661721068249258,0.1707638790392557
Priestia__filamentosa,0.05934718100890208,0.16735160737478189
Fenollaria__massiliensis,0.08605341246290801,0.16196879057291208
Anaerococcus__obesiensis,0.12462908011869436,0.15778834029555505
Veillonella__rogosae,0.34124629080118696,0.15632991423341452
Stenotrophomonas__sp.__KCTC__12332,0.04747774480712166,0.15476015793752282
Peptoniphilus__harei,0.19584569732937684,0.15363572257663585
Ralstonia__sp.__RRA.1,0.35311572700296734,0.1532571997818818
Paracoccus__contaminans,0.20178041543026706,0.15133118673798632
Veillonella__atypica,0.26409495548961426,0.1502791160290376
Blastococcus__sp.__PRF04-17,0.04154302670623145,0.15005088904984767
Staphylococcus__aureus,0.5133531157270029,0.14561437923486292
Sphingomonas__sp.__NIBR02145,0.29080118694362017,0.14072141546149833
Fervidibacillus__halotolerans,0.05341246290801187,0.14062678476280982
Veillonella__nakazawae,0.28486646884273,0.13924072335260756
Stenotrophomonas__maltophilia,0.3827893175074184,0.1389345652097918
Clostridium__isatidis,0.06231454005934718,0.13610121076082413
Methylobacterium__indicum,0.13056379821958458,0.13564475680244428
Clostridium__chauvoei,0.06231454005934718,0.1316647009458394
Aquabacterium__olei,0.18694362017804153,0.12934903208381476
Macrococcoides__caseolyticum,0.0712166172106825,0.12934346557212717
Anaerococcus__sp.__Marseille-Q7828,0.21364985163204747,0.1292599678968138
Cutibacterium__granulosum,0.17507418397626112,0.12573636599858878
Streptococcus__mutans,0.18397626112759644,0.1251741483181453
Streptococcus__sp.__FSL__W8-0197,0.4599406528189911,0.12310897248206079
Bacillus__subtilis,0.1661721068249258,0.12240759200942833
Bacillus__smithii,0.05341246290801187,0.12237419293930298
Veillonella__sp.__S12025-13,0.27002967359050445,0.12182867479392218
Sphingomonas__sp.__LK11,0.10682492581602374,0.12168394549004562
Sphingomonas__sp.__FARSPH,0.5934718100890207,0.12045374640709504
Exiguobacterium__aurantiacum,0.05637982195845697,0.11944064127995925
Peptostreptococcus__equinus,0.1632047477744807,0.11915674918389371
Sphingomonas__melonis,0.5578635014836796,0.11868916220213874
Bradyrhizobium__sp.__200,0.17804154302670624,0.11839413708269811
Stenotrophomonas__acidaminiphila,0.0712166172106825,0.11767605707500295
Achromobacter__xylosoxidans,0.06231454005934718,0.116412458921927
Haemophilus__haemolyticus,0.14540059347181009,0.11440851471440566
Mogibacterium__diversum,0.2195845697329377,0.1135290058677713
Peptoniphilus__ivorii,0.10979228486646884,0.11168092398750162
Sphingopyxis__sp.__EG6,0.06528189910979229,0.11164752491737626
Veillonella__dispar,0.2878338278931751,0.10817958813602684
Streptococcus__gwangjuense,0.47774480712166173,0.10727224673095469
Moraxella__osloensis,0.3798219584569733,0.10662096486351025
Gemella__morbillorum,0.314540059347181,0.10550766252599839
Sphingomonas__sp.__R1,0.27002967359050445,0.10539076578055964
Ureibacillus__sp.__FSL__K6-0786,0.03857566765578635,0.1038377090197306
Blautia__wexlerae,0.11572700296735905,0.1036762801807914
Staphylococcus__warneri,0.3768545994065282,0.10202302620958628
Schaalia__odontolytica,0.10979228486646884,0.10200076016283605
