taxID,barcode01,barcode02,barcode03,barcode04,barcode05,barcode06,barcode07,barcode08,barcode10,barcode12,barcode13,barcode19,barcode20,barcode21,barcode22,barcode23,barcode24
63,0,0,0,0,0,0,0,0,0,0,0,0,0,0,1,0,0
235,0,0,0,0,1,0,0,0,0,0,0,0,0,0,0,3,2
239,0,0,0,0,0,0,0,0,0,0,0,0,0,3,0,0,0
253,0,0,0,0,0,0,0,0,0,0,0,0,0,0,0,1,0
266,0,0,0,0,0,0,0,0,0,0,0,0,0,3,0,0,0
290,0,0,0,0,0,0,0,0,0,0,0,0,0,1,0,1,0
292,0,0,0,0,0,1,0,0,0,0,0,0,546,35,191,153,58
293,0,0,0,0,0,0,0,0,0,0,0,0,0,6,0,1,0
305,1,0,0,0,0,0,0,0,0,0,0,0,48,17,27,41,6
329,0,0,0,0,0,0,0,0,0,0,0,0,29,36,5,9,1
337,1,0,0,0,0,0,0,0,0,0,0,0,66,3,32,20,7
339,0,0,0,0,0,0,0,0,0,0,0,0,430,0,0,0,0
340,0,1,0,0,0,0,0,0,0,0,0,0,3,0,0,0,0
347,2,0,0,0,0,0,0,0,0,0,0,0,23,0,0,0,0
375,0,0,0,0,0,0,0,0,0,0,0,0,28,16,8,56,20
376,0,0,0,0,0,0,1,0,0,0,0,0,0,0,1,0,1
382,0,0,0,8,0,0,0,0,0,0,0,0,0,0,0,0,0
386,1,0,0,0,0,0,0,0,0,0,0,0,0,1,0,0,2
408,0,0,0,0,0,0,0,0,0,0,0,0,0,0,4,0,0
518,15,9,37,0,0,0,22,0,0,0,0,0,6,0,0,0,0
519,3,7,14,0,0,0,11,0,0,0,0,0,6,1,0,0,0
520,8,5,9,0,0,0,6,0,0,0,0,0,0,0,0,0,0
521,1,0,2,0,0,0,0,0,0,0,0,0,1,0,0,0,0
529,3351,1,1,1,3,0,2,0,0,0,0,1,5,521,519,1099,1557
821,0,0,0,0,0,0,0,0,0,0,0,0,0,1,0,0,0
823,0,0,0,0,0,0,0,0,0,0,0,0,0,0,0,1,0
831,0,0,0,0,0,0,0,0,0,0,0,0,0,0,0,116,0
847,0,0,0,0,0,0,0,0,0,0,0,0,1,2,0,0,0
1061,0,0,0,0,0,0,0,0,0,0,0,0,0,1,0,0,0
1063,0,0,0,0,0,0,0,0,0,0,0,0,0,1,0,0,0
1076,0,0,0,0,0,0,0,0,0,0,0,0,0,0,1,1,0
1160,0,0,0,0,0,0,0,0,0,0,0,0,0,1,0,0,0
1260,0,191,0,0,0,0,0,0,0,0,0,0,0,0,0,59,0
1270,0,35,0,0,0,0,0,0,0,0,0,0,0,0,0,0,239
1280,165,698,480,2,5,1,4,0,0,0,0,0,69,625,232,280,173
1281,0,2,1,0,0,0,0,0,0,0,0,0,1,9,9,5,0
1282,19885,32236,44170,13,16,1,6,9,0,0,0,6,2310,5137,1419,667,3839
1283,86,151,220,0,0,0,0,0,0,0,0,1,17,72,50,82,55
1284,0,2,0,0,0,0,0,0,0,0,0,0,0,0,0,1,0
1286,0,0,1,0,0,0,0,0,0,0,0,0,2,1,3,3,1
1288,0,1,0,0,0,0,0,0,0,0,0,0,0,4,0,1,0
1290,8,32,20,3,13,0,0,7,0,0,0,2,6,1137,4020,3112,7397
1292,15,11,13,0,0,0,0,0,0,0,0,0,11,37,56,67,8
1293,0,0,0,0,0,0,0,0,0,0,0,0,0,0,2,3,0
1294,0,1,1,0,0,0,0,0,0,0,0,0,0,3,0,0,0
1295,2,4,6,2,2,2,5,0,0,0,0,0,2,6,4,1,1
1296,183,2,3,3,3,0,0,0,0,0,0,1,120,214,1107,664,0
1302,0,0,0,0,0,0,0,0,0,0,0,0,0,5,3,1,0
1303,0,0,0,0,0,0,0,0,0,0,0,0,0,1,3,1,0
1304,0,1,2,1,0,0,1,2,0,0,0,0,0,113,61,206,77
1305,0,0,0,0,0,0,0,0,0,0,0,0,2,14,12,6,1
1307,1,2,1,1,1,0,1,0,0,0,0,0,508,1116,1376,688,4
1308,3,4,3,5,4,0,1,2,0,0,0,5,2,34,2793,13065,4750
1309,0,0,0,0,0,0,0,0,0,0,0,0,0,1,0,0,0
1311,1,0,0,0,0,0,0,0,0,0,0,0,1,0,4,5,0
1313,0,0,0,1,0,0,0,0,0,0,0,0,1,3,8,6,3
1314,0,0,0,0,0,0,0,0,0,0,0,0,0,2,7,13,4
1318,0,0,0,0,0,0,0,0,0,0,0,0,7,18,16,6,0
1326,0,0,0,0,0,0,0,0,0,0,0,0,0,2,2,2,0
1328,0,0,0,0,0,0,0,0,0,0,0,0,6,11,6,8,0
1329,0,0,0,0,0,0,0,0,0,0,0,0,0,1,1,1,0
1334,0,0,0,0,0,0,0,0,0,0,0,0,0,1,1,0,0
1335,1,0,0,0,0,0,0,0,0,0,0,0,0,2,0,1,0
1338,0,0,0,0,0,0,0,0,0,0,0,0,4,4,6,4,2
1340,0,0,0,0,0,0,0,0,0,0,0,0,0,0,0,2,0
1343,1,0,0,1,1,0,1,0,0,0,0,0,1,2501,0,1,2
1345,0,0,0,0,0,0,0,0,0,0,0,0,0,0,1,2,0
1346,0,0,0,0,0,0,0,0,0,0,0,0,1,0,2,3,0
1349,0,0,0,0,0,0,0,0,0,0,0,0,0,0,0,1,0
1351,5,3,5,0,4,0,4,0,0,0,0,0,0,1,2,1,1
1352,48,76,90,69,106,38,68,0,0,0,0,0,15,12,26,19,17
1353,0,0,1,0,1,0,0,0,0,0,0,0,0,0,0,2,0
1354,9,6,10,5,7,4,2,0,0,0,0,0,0,0,1,1,1
1366,0,0,0,0,0,0,0,0,0,0,0,0,0,0,1,0,0
1374,0,0,3,0,2,1,0,0,0,0,0,0,1,0,0,1,0
1377,0,0,2,0,0,0,0,0,0,0,0,0,0,1,0,0,0
1379,2,2,16100,2,3,0,2,2,0,0,0,0,1,0,2,3,1
1390,8,15,11,8,29,17,12,0,0,0,0,0,1,1,6,5,3
1392,46,54,71,48,76,33,72,0,0,0,0,0,9,11,27,24,13
1393,0,0,0,1,0,0,2,0,0,0,0,0,0,1,0,0,0
1396,34,33,60,29,84,32,50,0,0,0,0,0,7,10,8,12,11
1397,0,1,1,1,0,0,1,0,0,0,0,0,0,0,0,0,0
1398,5,6,4,6,6,4,6,0,0,0,0,0,0,1,4,1,0
1399,3,6,9,7,23,6,12,0,0,0,0,0,1,0,2,3,2
1402,5,11,13,9,17,4,18,0,0,0,0,0,38,4,2,3,3
1404,17,45,54,35,73,26,53,0,0,0,0,0,8,10,11,24,14
1405,6,18,20,33,35,11,23,0,0,0,0,0,4,1,10,9,3
1406,1,8,4,8,6,2,8,0,0,0,0,0,2,1,1,1,4
1407,0,0,0,0,0,0,2,0,0,0,0,0,0,0,0,0,0
1408,3,3,8,6,13,3,5,0,0,0,0,0,0,2,2,2,1
1421,0,0,1,0,0,0,0,0,0,0,0,0,0,0,0,0,0
1423,109,147,194,121,271,96,143,1,0,0,0,1,26,63,39,58,48
1426,0,2,1,0,4,3,1,0,0,0,0,0,0,0,0,0,1
1428,25,69,99,53,126,44,59,0,0,0,0,1,12,7,21,25,30
1442,0,0,0,1,0,0,0,0,0,0,0,0,0,0,0,0,0
1444,4,2,7,0,5,3,7,0,0,0,0,0,1,0,0,0,0
1450,0,0,2,1,0,0,0,0,0,0,0,0,0,2,0,0,0
1451,1,0,0,0,0,0,1,0,0,0,0,0,0,0,0,0,0
1452,0,1,0,0,0,0,1,0,0,0,0,0,0,0,0,0,0
1455,49,98,160,66,188,159,73,0,0,0,0,0,7,15,26,30,48
1462,3,4,5,1,5,5,2,0,0,0,0,0,1,0,1,0,0
1467,45,65,86,60,144,55,62,0,0,0,0,0,12,33,29,23,30
1471,6,12,14,6,24,4,16,0,0,0,0,0,4,5,7,5,4
1473,2,1,0,2,0,0,0,0,0,0,0,0,0,0,0,0,0
1474,22,101,90,166,285,44,79,0,0,0,0,0,12,16,36,28,20
1476,0,1,0,1,2,0,1,0,0,0,0,0,0,0,0,0,0
1477,2,1,8,2,4,2,3,0,0,0,0,0,1,1,5,0,0
1479,415,921,1348,1244,2798,834,1241,2,0,0,0,0,277,159,474,430,327
1482,0,1,4,2,1,1,4,0,0,0,0,0,0,0,1,2,0
1492,1422,1,1,137,3,368,0,0,0,0,0,1,0,0,104,2,0
1496,0,0,0,0,0,0,0,0,0,0,0,1,0,0,0,0,0
1498,1,0,0,0,0,0,0,0,0,0,0,0,0,0,0,0,0
1502,3,0,0,0,0,1,0,0,0,0,0,0,0,0,0,0,0
1504,1252,1,0,44,1,149,0,1,0,0,0,0,1,0,42,0,0
1505,0,0,0,0,0,0,0,0,0,0,0,0,0,1,0,0,0
1519,81,0,0,14,0,34,0,0,0,0,0,0,0,0,13,0,0
1520,174,0,0,23,1,68,1,0,0,0,0,0,0,0,16,0,0
1529,2883,4,0,306,2,1052,1,1,0,0,0,0,1,1,285,1,2
1532,0,0,0,0,0,0,0,0,0,0,0,0,0,0,0,1,0
1561,6,0,0,0,0,5,0,0,0,0,0,0,0,0,3,0,0
1571,0,0,1,3,5,0,1,0,0,0,0,0,1,2,0,0,0
1579,1,0,0,0,0,0,0,0,0,0,0,0,0,0,0,0,0
1581,0,0,0,0,2,1,0,0,0,0,0,0,0,0,1,0,1
1590,0,0,1,0,1,0,0,0,0,0,0,0,0,0,0,0,0
1600,0,0,0,1,0,0,0,0,0,0,0,0,0,0,0,0,0
1601,0,0,1,0,0,0,0,0,0,0,0,0,0,0,0,0,0
1614,0,2,0,0,0,0,0,0,0,0,0,0,0,0,0,0,0
1622,0,1,0,0,0,0,0,0,0,0,0,0,0,0,0,0,0
1623,4,4,6,4,8,4,35,0,0,0,0,0,0,0,1,0,0
1638,1,1,6,5,7,2,2,0,0,0,0,0,2,2,3,1,2
1639,5,4,15,7,31,6,13,0,0,0,0,0,3,2,4,1,5
1640,2,0,0,0,0,1,0,0,0,0,0,0,0,1,0,0,1
1641,3,13,4,13,2,2,9,0,0,0,0,0,1,1,4,0,1
1642,3,5,5,1,8,3,6,0,0,0,0,0,0,1,1,7,1
1717,0,1,0,0,0,0,0,0,0,0,0,0,0,0,0,1,0
1719,0,1,1,0,0,0,0,0,0,0,0,0,0,0,0,0,0
1724,0,1,0,0,0,0,0,0,0,0,0,0,0,0,0,0,0
1725,0,0,0,0,0,0,0,0,0,0,0,0,0,0,0,1,0
1747,35959,60218,25102,116,914,840,3695,92,0,0,0,53,61284,103810,44111,24084,49326
1749,0,0,0,0,0,2,0,0,0,0,0,0,0,4,0,0,1
1750,0,0,0,0,0,0,0,0,0,0,0,0,0,1,0,0,0
1772,0,0,0,0,0,0,0,0,0,0,0,0,0,0,1,0,0
1774,0,1,0,0,0,1,0,0,0,0,0,0,0,1,0,0,0
1799,0,0,1,0,0,0,0,0,0,0,0,0,0,0,0,0,0
1828,0,0,0,0,0,0,0,0,0,0,0,0,346,0,0,0,0
1829,0,0,0,0,0,0,0,0,0,0,0,0,0,0,0,1,93
1830,0,0,0,0,0,0,0,0,0,0,0,0,0,0,0,0,2
1833,0,0,0,0,0,0,0,0,0,0,0,0,0,0,0,0,1
1874,0,0,1,0,0,0,0,0,0,0,0,0,0,0,0,0,0
1888,0,0,0,0,0,0,0,0,0,0,0,0,0,0,0,2,0
2014,0,0,0,0,0,0,0,0,0,0,0,0,0,0,0,1,0
2061,0,0,0,0,0,0,0,0,0,0,0,0,0,1,0,0,0
2748,6,1,10,1,5,0,2,0,0,0,0,0,5,0,3,2,0
2751,2,1,7,5,4,1,1,0,0,0,0,0,0,5,0,1,0
2756,0,0,0,2,0,0,0,0,0,0,0,0,0,0,0,1,0
9606,0,0,1,0,0,1,1,1,0,0,0,0,0,1,0,0,1
10090,5285,0,0,0,0,0,0,0,0,0,0,0,2,0,1,2,2
13076,2,3,1,2,5,0,0,0,0,0,0,0,1,0,1,3,0
13160,0,0,0,0,0,0,0,0,0,0,0,0,0,12,0,97,0
13373,0,0,0,0,0,0,0,0,0,0,0,0,11,0,1,2,1
13689,0,0,0,0,0,0,0,0,0,0,0,0,0,0,0,1,0
28031,0,0,1,0,0,0,0,0,0,0,0,0,0,0,0,0,0
28035,6,7,7,0,1,0,0,0,0,0,0,0,7,30,15,24,10
28090,0,0,0,0,0,0,1,2,0,0,0,0,9,272,0,0,0
28094,0,0,0,0,0,0,0,0,0,0,0,0,0,0,0,0,1
28095,0,0,0,0,0,0,0,0,0,0,0,0,12,2,2,3,0
28097,0,0,0,0,0,0,0,0,0,0,0,0,0,0,1,0,0
28104,0,0,0,0,0,0,0,0,0,0,0,0,0,0,1,0,0
28132,0,0,0,0,0,0,0,0,0,0,0,0,0,0,12,0,0
28450,1,0,0,0,0,0,0,1,0,0,0,0,38,3,14,7,3
29338,0,1,0,0,0,0,0,0,0,0,0,0,0,0,0,0,0
29341,1,0,0,0,0,0,0,0,0,0,0,0,0,0,0,0,0
29378,1,0,1,0,0,0,0,0,0,0,0,0,0,2,6,0,0
29379,12,24,17,11,20,1,10,14,0,0,0,9,10081,23838,9,9971,6
29380,89,256,83,0,0,0,0,0,0,0,0,0,7,143,14,22,18
29382,2,5,4,0,0,0,0,0,0,0,0,0,1,2,2,2,0
29384,0,1,0,0,0,0,0,0,0,0,0,0,0,4,1,0,0
29385,2,2,1,0,0,0,0,0,0,0,0,0,2,9,12,19,1
29388,63,154,87,6,5,1,6,5,0,0,0,4,2274,15300,17,1368,2559
29389,0,0,0,0,1,0,0,0,0,0,0,0,1,2,6,2,0
29391,0,0,46,0,0,0,0,1,0,0,0,0,0,0,0,0,0
29394,0,0,0,0,0,0,0,0,0,0,0,0,0,14,0,0,0
29430,0,0,0,0,0,0,0,0,0,0,0,0,0,12,0,0,0
29447,0,0,0,0,0,0,0,0,0,0,0,0,1,0,0,0,0
29448,0,0,0,0,0,0,3,0,0,0,0,0,0,0,0,0,1
29459,5,0,0,0,0,0,0,0,0,0,0,0,0,0,1,1,1
29461,2,0,0,0,0,0,0,0,0,0,0,0,0,1,1,1,8
29533,0,0,0,0,0,0,0,0,0,0,0,0,0,6,0,0,0
29539,0,0,0,0,0,0,0,0,0,0,0,0,0,0,0,9,0
29542,2,1,0,0,3,0,2,0,0,0,0,0,1,1,1,2,0
29581,0,0,0,0,0,0,0,0,0,0,0,0,0,42,0,42,0
31998,0,0,0,0,0,0,0,0,0,0,0,0,0,0,1,0,0
32002,6409,1302,8605,1,2,0,2022,0,0,0,0,0,1798,0,0,1,2
32009,0,0,0,0,0,0,0,0,0,0,0,0,4,1,2,3,0
33010,1,3,0,0,1,5,0,0,0,0,0,0,484,3,3,1,0
33011,4,7,2,4,4,11,1,3,0,0,0,1,4556,3625,4,1,7
33028,62,104,46,0,0,0,0,1,0,0,0,0,2,45,4,6,8
33033,0,0,0,0,1,0,0,0,0,0,0,0,0,0,0,230,0
33038,0,0,0,0,0,0,0,0,0,0,0,0,0,0,0,11,0
33040,0,0,0,0,0,0,0,0,0,0,0,0,4,7,5,1,0
33046,0,0,0,0,0,0,0,0,0,0,0,0,0,0,0,0,1
33050,0,4,0,0,2,0,4,0,0,0,0,0,2,7,0,0,0
33932,18,56,32,57,64,18,68,0,0,0,0,0,9,12,15,13,7
33934,3,2,1,3,6,2,5,0,0,0,0,0,0,1,0,9,1
33936,2,21,21,16,40,5,6,0,0,0,0,0,0,2,5,9,5
33940,2,6,4,10,8,4,4,0,0,0,0,0,4,0,0,3,1
33941,3,3,2,5,4,2,0,0,0,0,0,0,0,1,0,1,0
33945,0,0,0,0,3,0,0,0,0,0,0,0,0,0,0,0,0
33970,0,0,0,0,0,0,0,0,0,0,0,0,0,0,0,1,0
33987,340,767,1006,740,1311,475,651,1,0,0,0,1,140,147,347,286,221
34004,0,0,0,0,0,0,0,0,0,0,0,1,0,26,0,0,0
34007,0,0,0,0,0,0,0,0,0,0,0,0,0,2,0,0,0
34073,3762,217,3,6,186,0,150,3,0,0,0,2,3208,1086,3693,1781,1114
34085,0,0,0,0,0,0,0,0,0,0,0,0,0,0,1,0,0
35621,0,0,0,0,0,0,0,0,0,0,0,0,0,0,0,1,0
35814,2,5,2,0,0,0,0,0,0,0,0,0,0,0,0,0,0
35841,191957,367949,475565,330625,624671,219047,312102,364,1,1,0,182,59029,49890,133411,123432,91282
36845,8,0,0,1,0,3,0,0,0,0,0,0,0,0,0,0,0
37332,0,0,0,0,0,0,0,0,0,0,0,0,0,1,0,0,0
38284,0,1,0,0,0,0,0,0,0,0,0,0,0,5,0,0,1
38289,0,0,0,0,0,0,0,0,0,0,0,0,0,1,0,0,0
38290,0,0,0,0,0,0,0,0,0,0,0,0,0,1,0,0,0
38303,0,0,0,0,0,0,0,0,0,0,0,0,0,30,0,0,0
38875,5,14,13,13,17,6,13,0,0,0,0,0,2,5,9,2,3
39486,0,0,0,0,0,0,0,0,0,0,0,0,0,0,0,1,0
39488,0,0,0,0,0,0,0,0,0,0,0,0,0,0,0,9,0
39491,0,0,0,0,0,0,0,0,0,0,0,0,0,0,0,1,0
39496,0,0,0,0,0,0,0,0,0,0,0,0,0,0,0,1,0
40041,0,0,0,0,0,0,0,0,0,0,0,0,0,0,0,2,0
40137,0,0,0,0,0,0,0,0,0,0,0,0,2,1,1,1,5
40214,0,2,0,0,1,0,0,0,0,0,0,1,2,1116,0,0,0
40324,6714,23,0,0,1,0,0,1,0,0,0,0,0,1,0,0,0
41276,0,0,0,0,0,0,0,0,0,0,0,0,0,0,0,0,2
41899,0,0,0,0,0,0,0,0,0,0,0,0,3,1,1,4,0
42197,0,0,0,0,0,0,0,0,0,0,0,0,0,0,0,10,0
42443,0,0,0,1,0,0,0,0,0,0,0,0,0,13,0,0,0
42858,9991,31,17,27,43,2,16,20,0,0,0,15,5337,9291,72614,67812,10
43767,0,0,0,0,0,0,0,0,0,0,0,0,0,1,0,1,0
43768,0,0,0,0,0,1,0,0,0,0,0,0,0,0,0,0,0
44008,2,3,2,3,3,2,0,0,0,0,0,0,0,0,0,1,0
45634,0,0,0,0,0,0,0,0,0,0,0,0,0,0,1,0,0
45668,0,0,0,0,0,0,1,0,0,0,0,0,0,0,0,1,0
45972,5,6,5,0,0,0,0,0,0,0,0,0,3,6,3,5,5
46124,1,0,0,0,1,0,0,0,0,0,0,0,0,0,1,0,0
46125,0,0,0,1,0,0,1,0,0,0,0,0,0,0,0,0,0
46126,6,12,14,11,15,2,8,0,0,0,0,0,5,10,3,10,2
46127,2,2,4,0,5,1,6,0,0,0,0,0,1,0,3,1,0
46867,139,2,0,60,1,225,3,2,0,0,0,1,3,0,56,0,0
47312,0,0,0,0,0,0,0,0,0,0,0,0,0,1,0,0,0
47770,10,0,0,0,0,0,0,0,0,0,0,0,0,0,0,0,0
48664,0,0,0,0,0,0,0,0,0,0,0,0,1,0,0,0,0
49283,0,1,0,0,0,0,0,0,0,0,0,0,0,1,0,0,0
51173,86,190,190,177,357,90,208,0,0,0,0,0,2898,1223,84,64,61
51664,0,1,0,0,0,0,0,0,0,0,0,0,0,0,0,0,0
51665,0,0,143,0,1,0,0,0,0,0,0,0,0,0,0,0,0
51669,0,0,1,0,0,0,0,0,0,0,0,0,0,0,0,0,0
53344,3,10,15,12,3,3,8,0,0,0,0,0,5,5,5,6,4
53359,0,0,0,0,0,0,0,0,0,0,0,0,0,0,0,1,0
53374,0,20,0,0,0,0,0,0,0,0,0,0,0,10,0,1,0
54914,0,0,1,0,0,0,0,0,0,0,0,0,0,0,0,0,0
55508,0,0,0,0,0,0,0,0,0,0,0,0,0,1,0,174,0
56110,0,0,0,0,0,0,0,0,0,0,0,0,2,0,0,0,0
56448,0,0,0,0,0,0,0,0,0,0,0,0,7,0,0,0,0
56458,1,1,0,0,0,0,0,0,0,0,0,0,0,0,0,0,0
57975,1,0,0,0,0,0,0,0,0,0,0,0,9,2,4,1,3
59310,0,0,0,0,0,0,0,0,0,0,0,0,0,0,7,7,6
59779,0,3,0,0,1,0,0,2,0,0,0,1,0,1519,1,1,0
59893,0,0,1,1,2,0,2,0,0,0,0,0,0,2,1,0,1
60550,0,0,0,0,1,0,0,0,0,0,0,0,67,3,16,14,3
60552,0,0,0,0,0,0,0,0,0,0,0,0,8,5,5,5,1
61015,0,1,0,0,0,0,0,0,0,0,0,0,1,4,4,2,0
61624,1,0,0,0,0,0,0,0,0,0,0,0,0,0,0,0,1
64104,1,1,2,0,1,0,2,0,0,0,0,0,0,0,2,2,1
64187,1,1,0,0,0,0,0,0,0,0,0,0,7,0,0,0,0
65058,0,1,0,0,0,0,0,0,0,0,0,0,0,0,0,0,0
65656,1,0,0,0,0,0,0,0,0,0,0,0,2,0,0,0,0
66692,11,11,12,5,15,5,6,0,0,0,0,0,1,1,2,6,3
67304,0,0,0,0,0,0,0,0,0,0,0,0,0,0,0,1,0
68892,0,0,0,0,0,0,0,0,0,0,0,0,0,0,1,0,0
68895,0,0,0,0,0,0,0,0,0,0,0,0,2,3,1,2,0
69395,0,0,0,0,0,0,0,0,0,0,0,0,0,4,0,0,0
69665,0,0,0,0,0,0,0,0,0,0,0,0,0,1,0,0,0
69666,0,0,0,0,0,0,0,0,0,0,0,0,0,71,0,0,0
69823,0,2,0,0,0,0,0,0,0,0,0,0,1,4,0,0,0
69929,0,0,0,0,0,0,0,0,0,0,0,0,31,0,0,0,0
69966,124,679,731,414,1409,436,791,0,0,0,0,1,200,68,266,292,218
69967,389,1027,1563,965,2259,957,1411,1,0,0,0,1,321,165,467,400,463
69968,25,71,89,75,171,57,112,0,0,0,0,0,22,14,41,31,25
70255,1,30,0,0,0,0,0,0,0,0,0,0,0,2,2,0,0
70258,1,0,1,0,0,0,0,0,0,0,0,0,0,0,2,0,0
71237,10,1,1,0,0,0,0,0,0,0,0,0,6,26,224,347,0
72360,8,16,15,8,28,7,14,0,0,0,0,0,2,4,4,7,5
72361,5,11,12,4,15,7,8,0,0,0,0,0,2,3,7,5,2
72758,22,49,25,2,1,0,0,2,0,0,0,0,57,661,5,1803,81
74329,0,0,0,0,0,0,0,0,0,0,0,0,0,1,0,2,1
74426,0,0,0,0,0,0,0,0,0,0,0,0,0,0,141,0,0
75659,0,0,0,0,0,0,0,0,0,0,0,0,1,0,0,0,0
76115,0,0,0,0,0,0,0,0,0,0,0,0,0,0,0,1,0
76731,1,0,0,0,1,0,0,0,0,0,0,0,0,1,0,0,0
76802,0,0,0,0,0,0,0,0,0,0,0,0,1,0,0,0,0
76860,0,0,0,0,0,0,0,0,0,0,0,0,0,1,1,1,0
76947,0,1,0,0,0,0,0,0,0,0,0,0,0,0,0,1,0
78535,0,0,0,0,0,0,0,0,0,0,0,0,0,2,1,1,0
79880,3,3,9,7,4,3,4,0,0,0,0,0,2,1,0,2,1
79883,1,1,0,0,3,3,1,0,0,0,0,0,0,0,1,0,0
80866,6480,5772,21716,5225,15206,28799,13752,23,0,0,0,14,6143,2116,682,3870,985
80878,7,1,0,0,0,0,0,0,0,0,0,0,4,3,4,1,1
81408,1,0,1,0,1,0,0,0,0,0,0,0,0,0,0,0,0
81479,15,0,0,0,0,0,0,0,0,0,0,1,7,7,16,6,4
81947,0,0,0,0,1,0,0,0,0,0,0,0,0,0,0,1,2
82348,0,0,0,0,0,0,0,0,0,0,0,0,1,2,4,3,1
82541,0,0,0,0,0,0,0,0,0,0,0,0,0,0,1,0,0
82633,0,0,0,0,0,0,0,0,0,0,0,0,1,2,0,0,0
82801,0,1,1,1,1,1,0,0,0,0,0,0,0,0,0,1,0
82803,1,0,2,1,3,0,1,0,0,0,0,0,0,0,0,0,0
83224,0,0,0,0,0,0,0,0,0,0,0,0,4,0,0,0,0
83617,0,646,0,0,0,0,0,0,0,0,0,0,0,0,0,0,0
83637,0,0,0,0,0,0,0,0,0,0,0,0,0,0,0,0,1
84110,0,0,0,0,0,0,0,0,0,0,0,0,0,0,1,0,0
84112,0,0,0,0,0,0,0,0,0,0,0,0,0,0,2,0,0
84135,0,0,57,0,0,0,0,0,0,0,0,0,0,0,0,0,0
84595,0,0,0,0,0,0,0,0,0,0,0,0,0,0,0,1,0
85698,1003,4336,6769,2,0,0,6894,1,0,0,0,0,1130,0,1,0,4
86029,5,9,19,12,25,8,9,0,0,0,0,0,2,4,0,5,3
86040,0,0,0,0,0,0,0,0,0,0,0,0,2,0,0,0,0
86188,10,0,0,0,0,0,0,0,0,0,0,0,0,0,0,0,0
86663,12,24,37,27,53,19,30,0,0,0,0,0,4,4,10,8,2
86664,0,0,1,1,2,0,1,0,0,0,0,0,0,0,1,0,0
86665,0,0,0,1,3,0,2,1,0,0,0,0,0,0,0,1,1
87458,0,1,2,3,2,0,1,0,0,0,0,0,0,0,0,0,1
87541,0,0,0,1,1,0,0,0,0,0,0,0,0,0,0,0,0
87883,0,0,0,0,0,0,0,0,0,0,0,0,39,4,13,29,6
88688,0,0,0,0,0,0,0,0,0,0,0,0,0,52,0,0,0
89053,0,0,1,0,0,0,0,0,0,0,0,0,0,0,0,0,0
90245,1,0,0,0,0,0,0,0,0,0,0,0,0,0,0,0,0
92644,0,0,0,0,0,0,0,0,0,0,0,0,0,0,0,4,0
92826,0,0,0,0,0,0,0,0,0,0,0,0,4,0,0,0,0
93061,0,0,1,0,0,0,0,0,0,0,0,0,0,0,0,0,0
93064,0,0,0,0,0,0,0,0,0,0,0,0,0,26,0,2,0
94132,0,0,0,0,0,0,0,0,0,0,0,0,1,0,0,2,0
94138,1,2,0,0,0,0,0,0,0,0,0,0,0,4,0,2,0
94624,0,0,1,0,0,0,3,0,0,0,0,0,0,0,0,0,0
94625,4,0,0,0,0,0,0,0,0,0,0,0,0,0,1,1,1
94869,38,1,0,5,0,22,0,0,0,0,0,0,0,0,9,0,0
95485,0,0,0,0,0,0,0,0,0,0,0,0,6,0,0,3,0
95486,0,0,0,0,1,0,1,0,0,0,0,0,334,27,104,106,37
96241,2,2,6,5,5,0,4,0,0,0,0,0,1,1,3,3,0
98228,1949,3804,5094,3685,6665,2499,3357,5,0,0,0,1,757,552,1301,1334,1210
98671,0,0,0,1,0,0,0,0,0,0,0,0,0,300,0,0,0
101571,0,0,0,0,0,0,0,0,0,0,0,0,6,0,0,1,0
102684,0,0,0,0,0,0,0,0,0,0,0,0,0,0,3,0,2
103733,0,0,0,0,0,0,0,0,0,0,0,0,0,0,0,17,0
103816,0,1,1,0,1,0,0,0,0,0,0,0,0,1,0,0,2
103855,4,3,4,0,0,0,0,0,0,0,0,0,0,0,0,0,0
105219,0,0,0,0,0,0,0,0,0,0,0,0,0,0,1,0,0
106590,0,0,0,0,0,0,0,0,0,0,0,0,1,0,1,3,0
107819,2,0,0,0,0,0,0,0,0,0,0,0,0,0,0,0,0
108015,0,0,0,0,0,0,0,0,0,0,0,0,2,2,1,1,2
108486,0,0,0,0,0,0,0,0,0,0,0,0,0,0,0,0,1
108981,0,0,0,1,0,0,0,0,0,0,0,0,0,0,0,0,0
110321,0,0,0,0,0,0,0,0,0,0,0,0,0,0,0,0,1
113107,0,0,0,0,0,0,0,0,0,0,0,0,0,1,3,1,0
114615,0,1,0,4,2,0,0,0,0,0,0,0,11,38,5,16,16
115808,0,0,0,0,0,0,0,0,0,0,0,0,0,2,0,0,0
118060,0,0,1,0,1,0,0,0,0,0,0,0,0,0,0,0,0
119206,0,1,1,1,9,5,4,0,0,0,0,0,1,0,1,0,1
119219,0,0,0,0,0,0,0,0,0,0,0,0,0,1,0,0,0
119602,0,0,0,0,0,0,0,0,0,0,0,0,1,0,0,0,0
119858,0,1,0,0,0,0,0,0,0,0,0,0,0,0,0,0,0
120576,64,0,0,0,0,0,0,0,0,0,0,0,0,13,17,26,25
123899,0,0,2,0,0,0,2,0,0,0,0,0,0,0,0,0,0
128780,6,1237,0,0,0,0,0,0,0,0,0,0,0,0,0,0,0
128944,0,1,0,0,0,0,0,0,0,0,0,0,1,0,0,0,0
129338,1,8,6,2,10,2,3,0,0,0,0,0,0,0,4,3,1
129394,0,0,0,0,0,0,0,0,0,0,0,0,2,0,0,0,0
129985,0,2,2,1,1,1,0,0,0,0,0,0,0,0,0,0,0
130049,0,0,1,0,0,0,0,0,0,0,0,0,0,0,0,0,0
131318,0,0,0,0,0,0,0,0,0,0,0,0,0,0,0,1,0
134875,4,0,0,0,0,0,0,0,0,0,0,0,0,0,0,0,0
135461,4,6,16,8,11,9,12,0,0,0,0,0,0,5,7,2,2
135740,0,0,0,0,0,0,0,0,0,0,0,0,0,3,0,0,0
137591,0,0,1,0,0,0,0,0,0,0,0,0,0,0,0,0,0
143495,0,0,0,0,0,0,2,0,0,0,0,0,0,0,0,0,0
144184,0,12,0,0,0,0,0,0,0,0,0,0,0,0,0,0,0
145391,2,8,8,3,2,0,2,1,0,0,0,0,1,2248,238,1127,455
147206,0,0,0,0,0,0,0,0,0,0,0,0,0,0,453,0,0
147375,0,3,2,0,0,1,0,0,0,0,0,0,0,0,0,0,0
147645,4,4,2,8,3,0,1,1,0,0,0,1,0,5221,0,2,1
149016,0,0,0,0,0,0,0,0,0,0,0,0,0,0,1,1,1
150055,0,1,0,0,0,0,0,0,0,0,0,0,0,1,0,4,1
151783,0,0,0,0,0,0,0,0,0,0,0,0,1,2,1,2,0
152268,1,12,14,9,16,4,5,0,0,0,0,0,2,2,1,4,3
152480,0,0,0,0,0,0,0,0,0,0,0,0,85,4,20,26,14
152500,0,0,0,0,0,0,0,0,0,0,0,0,6,2,0,1,2
153151,14,31,45,26,71,28,54,0,0,0,0,0,10,3,6,9,13
154288,0,0,0,0,0,0,1,0,0,0,0,0,0,0,0,0,0
155085,1,1,2,0,0,0,0,0,0,0,0,0,0,6,0,1,1
156976,0,1,0,1,0,0,0,0,0,0,0,0,0,58,0,0,0
156978,0,2,0,0,0,0,0,0,0,0,0,0,0,0,0,0,0
160825,0,0,0,1,1,0,0,0,0,0,0,0,0,0,0,0,1
161899,0,0,0,0,0,0,0,0,0,0,0,0,0,1,0,0,0
163877,0,0,1,1,2,1,3,0,0,0,0,0,0,0,0,0,1
166314,0,0,0,0,0,0,0,0,0,0,0,0,0,0,1,1,0
169134,0,0,1,0,0,0,0,0,0,0,0,0,0,0,0,0,0
169292,0,0,0,0,0,0,0,0,0,0,0,0,0,12,0,0,0
169679,5,0,0,0,0,1,0,0,0,0,0,0,0,0,3,0,0
170573,4,3,4,0,0,0,0,0,0,0,0,0,0,4,2,3,1
171404,0,0,0,0,0,0,0,0,0,0,0,0,0,0,0,0,1
172713,0,0,0,0,0,1,0,0,0,0,0,0,0,0,0,0,0
174587,64,97,98,74,155,40,88,1,0,0,0,0,22,19,27,27,48
176279,24,7463,271,1,0,0,0,1,0,0,0,0,0,12,819,0,14
176280,68,21274,10058,5,5,1,2,1,0,0,0,1,6,1618,1465,7,13
178214,19,17,20,14,48,12,21,0,0,0,0,1,8,3,13,2780,7
179408,0,0,0,0,0,0,0,0,0,0,0,0,2,0,0,0,0
179636,0,0,0,0,0,0,0,0,0,0,0,0,0,1,0,0,0
179879,0,0,0,0,0,0,0,0,0,0,0,0,19,1,5,6,3
180282,75,65,254,67,187,319,140,0,0,0,0,0,73,45,61,47,13
180400,0,127,0,0,62,0,45,0,0,0,0,0,21,40,0,0,0
180850,2,5,2,2,6,1,4,0,0,0,0,0,0,2,2,0,2
182773,13931,10,4,1998,6,8116,3,8,0,0,0,4,1,4,1508,1,5
184246,0,0,0,0,0,0,0,0,0,0,0,0,0,1,0,0,0
184748,0,0,0,0,0,0,0,0,0,0,0,0,0,4,0,0,0
185008,0,0,0,0,0,0,0,0,0,0,0,0,0,0,0,712,0
186103,0,0,0,0,0,0,0,0,0,0,0,0,0,0,0,1,0
187491,0,0,0,0,0,0,0,0,0,0,0,0,0,2,0,0,0
189381,2,1,3,1,3,1,6,0,0,0,0,0,1,0,1,2,0
189382,0,0,0,0,0,0,0,0,0,0,0,0,0,0,0,1,0
189665,0,3,3,6,4,0,3,0,0,0,0,0,1,0,1,1,4
189691,15,38,53,35,65,32,26,1,0,0,0,0,11,6,12,13,4
190148,0,0,0,0,0,0,3,0,0,0,0,0,0,0,1,0,0
190650,0,0,0,0,0,0,0,0,0,0,0,0,0,1,0,0,0
190721,3,4,3,4,6,0,2,3,0,0,0,2,6286,2762,4591,4631,652
191610,0,0,0,0,0,0,0,0,0,0,0,0,0,1,0,0,0
192389,0,0,0,0,0,0,0,0,0,0,0,0,0,0,0,1,0
192421,0,1,1,0,0,0,1,0,0,0,0,0,0,0,0,2,0
192843,0,0,0,0,0,0,1,0,0,0,0,0,1,1,1,0,0
195103,0,0,0,0,0,1,0,0,0,0,0,0,0,0,0,0,0
195709,0,0,0,0,0,0,0,0,0,0,0,0,21,0,0,0,0
197614,0,0,0,0,0,0,0,0,0,0,0,0,0,0,0,0,1
198467,3,5,1,1,7,2,4,0,0,0,0,0,0,1,1,98,2
198483,7,20,35,18,33,10,25,0,0,0,0,1,10,2,5,3,9
199441,0,0,0,1,2,0,3,0,0,0,0,0,0,0,0,0,0
199683,2,0,0,0,0,0,0,0,0,0,0,0,1,0,5,0,0
200991,0,1,2,0,1,0,1,0,0,0,0,0,0,0,1,2,0
201828,0,0,0,0,0,0,0,0,0,0,0,0,0,1,2,1,0
202751,10,33,34,29,40,20,22,0,0,0,0,0,3,4,14,9,5
202752,1,2,6,2,3,1,0,0,0,0,0,0,0,0,0,0,0
202951,0,0,0,0,0,0,0,0,0,0,0,0,0,1,0,0,0
207745,0,0,0,0,0,0,0,0,0,0,0,0,1,0,0,2,0
208199,0,3,5,1,7,0,1,0,0,0,0,0,0,2,3,1,1
208479,0,0,0,0,0,0,0,0,0,0,0,0,0,0,0,2,0
208596,45,61,53,37,68,24,29,0,0,0,0,0,15,22,7,10,21
213419,1,0,4,0,1,0,2,0,0,0,0,0,1,0,2,2,0
214473,5,11,9,0,0,0,0,0,0,0,0,0,0,13,24,21,2
214856,791,0,0,0,0,0,0,0,0,0,0,0,0,0,172,65,0
216591,0,0,1,0,0,0,0,0,0,0,0,0,27,3,13,4,4
216778,2,0,0,0,0,0,0,0,0,0,0,0,0,0,0,0,0
217139,0,0,0,0,0,0,0,0,0,0,0,0,1,0,0,0,0
217203,25,142,354,0,0,0,225,0,0,0,0,0,33,0,0,0,0
217204,1345,1389,4517,2,0,0,2455,1,0,0,0,0,454,1,0,1,0
218144,1,1,1,0,0,0,0,0,0,0,0,0,0,0,0,0,0
218284,0,1,0,0,2,1,0,0,0,0,0,0,0,0,1,0,0
218495,0,0,0,0,0,0,0,0,0,0,0,0,0,0,0,0,1
220684,12,63,44,70,77,18,92,1,0,0,0,0,17,9,27,369,13
220687,0,1,0,0,2,2,0,1,0,0,0,0,1,1,1,2278,0
221109,1,0,0,0,0,0,1,0,0,0,0,0,0,0,0,0,0
223188,14,2,0,0,4,0,1,0,0,0,0,0,8,2,12,4,3
223392,0,0,0,0,0,0,0,0,0,0,0,0,0,0,0,0,1
223919,4,0,0,0,0,2,0,0,0,0,0,0,0,0,0,0,0
224308,0,2,0,0,1,0,1,0,0,0,0,0,0,0,0,3,0
225991,6,1,1,0,2,0,1,0,0,0,0,0,11,2,5,3,2
225992,5,0,3,0,0,0,1,0,0,0,0,0,2,2,1,1,0
228602,0,0,0,0,0,0,0,0,0,0,0,0,1,0,0,0,0
228899,597,1728,1978,1274,3163,1418,1376,2,0,0,0,3,469,217,663,615,360
243160,0,0,0,0,0,0,0,0,0,0,0,0,0,0,0,1,0
244734,0,0,0,0,0,0,0,0,0,0,0,0,0,0,1,0,0
246201,0,0,0,0,0,0,0,0,0,0,0,0,0,1,0,0,0
246432,1,2,0,1,2,1,0,0,0,0,0,0,1,1001,1001,0,0
247480,0,1,5,7,10,2,5,0,0,0,0,0,1,1,1,7,2
251221,0,0,0,0,0,0,0,0,0,0,0,0,3,0,0,0,0
254758,0,2,1,0,0,1,2,0,0,0,0,0,0,2,1,106,1
255247,1,0,0,2,4,0,0,0,0,0,0,0,1,0,1,1,0
260554,5,9,17,4,14,6,15,0,0,0,0,0,0,8,1,1,1
260799,0,2,1,0,0,0,0,0,0,0,0,0,0,0,0,0,0
261591,3,8,16,6,21,5,7,0,0,0,0,0,1,3,6,8,4
262324,0,1,0,0,0,0,0,0,0,0,0,0,0,0,0,0,0
264199,0,0,0,0,0,0,0,0,0,0,0,0,0,0,26,217,65
264697,2,0,0,0,2,0,1,0,0,0,0,0,0,0,1,0,0
265293,0,0,0,0,0,0,0,0,0,0,0,0,2,0,2,2,2
265426,1,4,2,0,4,0,1,0,0,0,0,0,0,0,0,1,2
266264,1,0,0,0,0,0,0,0,0,0,0,0,0,0,1,0,0
266265,0,0,0,0,0,0,0,0,0,0,0,0,1,0,0,0,0
267128,0,1,0,0,1,0,0,0,0,0,0,0,0,1,0,0,0
267747,7042,12900,4904,26,81,179,742,26,0,0,0,13,12613,20271,8883,5063,9418
271865,6,0,0,0,0,0,0,0,0,0,0,0,0,2,0,0,2
272558,57,89,117,97,166,82,71,0,0,0,0,0,18,16,35,28,27
272621,1,0,0,0,0,0,0,0,0,0,0,0,0,0,0,0,0
272942,0,0,0,0,0,0,0,0,0,0,0,0,0,1,0,0,0
273036,2,5,7,0,0,0,0,0,0,0,0,0,0,4,0,1,2
273251,0,0,0,0,0,0,0,0,0,0,0,0,1,0,0,0,0
273528,50,72,116,70,153,51,93,0,0,0,0,0,13,11,27,37,30
279010,0,1,2,2,4,1,1,0,0,0,0,0,2,6,0,1,1
279808,12,5,12,0,0,0,0,0,0,0,0,0,2,6,3,4,9
279826,1,1,2,0,4,1,2,0,0,0,0,0,0,0,0,2,0
280333,0,0,0,0,0,0,19,0,0,0,0,0,0,0,0,1,0
282217,206,11,1,2,9,0,8,1,0,0,0,0,200,153,204,99,66
283734,48,106,114,85,153,55,72,0,0,0,0,0,23,58,57,50,39
283878,0,0,0,0,0,0,0,0,0,0,0,0,0,1,0,0,0
284581,0,0,2,0,1,0,0,0,0,0,0,0,0,1,1,0,0
285983,4,7,14,5,16,7,10,0,0,0,0,0,1,1,6,4,5
288681,0,1,2,0,1,1,0,0,0,0,0,0,0,0,0,0,0
290402,26,0,0,9,0,13,0,0,0,0,0,0,0,0,4,0,0
292913,0,6,0,0,1,0,3,0,0,0,0,0,3,16,0,0,0
293050,0,0,0,0,0,0,0,0,0,0,0,0,0,26,0,72,0
293387,11,18,29,19,45,16,19,0,0,0,0,0,4,5,15,7,6
294699,104,223,326,197,460,133,219,0,0,0,0,0,37,24,85,108,70
296591,5,1,1,1,0,1,0,0,0,0,0,0,5,1,2,1,2
297352,0,0,0,0,0,0,0,0,0,0,0,0,0,0,0,0,1
298708,0,0,0,0,0,0,0,0,0,0,0,0,0,0,0,290,0
299768,0,0,0,0,0,0,0,0,0,0,0,0,0,0,0,1,0
302167,0,0,0,0,0,1,0,0,0,0,0,0,0,0,0,0,1
307486,4,0,1,0,0,0,0,0,0,0,0,0,1,0,2,0,0
307580,0,0,0,0,0,0,1,0,0,0,0,0,0,0,0,0,0
307643,6,16,22,17,49,9,17,0,0,0,0,0,2,1,12,7,6
308354,2,2,1,0,0,0,0,0,0,0,0,0,0,1,4,3,0
308754,0,0,0,0,0,0,0,0,0,0,0,0,0,1,0,0,0
310581,0,17,0,0,11,0,3,0,0,0,0,0,1,13,0,0,0
311182,0,0,0,0,0,0,0,0,0,0,0,0,0,0,0,1,0
311230,0,0,0,0,0,0,0,0,0,0,0,0,0,4,1,0,0
315405,0,0,0,0,0,0,0,0,0,0,0,0,0,0,0,1,0
315749,1,0,1,0,1,1,0,0,0,0,0,0,0,0,0,0,0
315750,0,1,0,0,0,0,0,0,0,0,0,0,0,0,0,0,0
316058,0,0,0,0,0,0,0,0,0,0,0,0,0,0,0,0,1
316067,0,0,0,0,0,0,0,0,0,0,0,0,0,0,0,0,1
317655,0,74,0,0,43,0,33,0,0,0,0,0,17,18,0,0,0
318586,0,0,0,0,0,0,0,0,0,0,0,0,0,1,0,0,0
319501,0,0,0,0,0,0,0,0,0,0,0,0,0,0,0,10,0
319707,0,0,0,0,0,0,0,0,0,0,0,0,0,1,0,0,0
321327,0,0,0,0,0,0,0,0,0,0,0,0,0,0,2,0,1
322159,0,0,0,0,0,0,0,0,0,0,0,0,0,0,16,81,27
323097,0,0,0,0,0,0,0,0,0,0,0,0,2,0,0,3,0
323098,0,0,0,0,0,0,0,0,0,0,0,0,0,0,0,0,1
323261,0,0,0,0,0,0,0,0,0,0,0,0,0,0,0,1,0
328813,15,0,0,0,0,0,0,0,0,0,0,0,0,0,0,0,0
331272,0,0,0,0,0,0,0,0,0,0,0,0,51,5,26,22,8
331978,0,0,0,0,0,0,0,0,0,0,0,0,3,0,0,0,0
334413,0,2532,0,0,0,0,0,0,0,0,0,0,0,0,0,12,0
334542,0,0,0,0,0,0,0,0,0,0,0,0,1,0,0,0,0
335406,0,0,0,0,0,0,0,0,0,0,0,0,0,0,0,1,0
335476,2,1,0,0,0,0,0,0,0,0,0,0,2,1,5,1,1
338963,0,0,1,0,1,0,0,0,0,0,0,0,0,0,0,0,1
339670,0,0,0,0,0,0,0,0,0,0,0,0,13,0,2,3,2
340146,7,8,11,9,27,3,11,0,0,0,0,0,0,1,3,3,5
340268,0,0,0,0,0,0,0,0,0,0,0,0,5,2,1,3,0
342113,0,0,0,0,0,0,0,0,0,0,0,0,1,0,0,1,0
342451,1,0,0,0,0,0,0,0,0,0,0,0,0,0,0,1,0
345219,0,3,2,2,3,3,2,0,0,0,0,0,0,3,1,0,0
349520,0,0,0,0,1,0,1,0,0,0,0,0,0,0,0,0,0
350701,0,0,0,0,0,0,0,0,0,0,0,0,3,0,1,2,0
351607,0,0,0,0,1,0,0,0,0,0,0,0,0,0,0,2058,1
356302,0,1,0,0,0,0,0,0,0,0,0,0,0,0,0,0,0
356837,0,0,0,0,0,0,0,0,0,0,0,0,0,0,0,5,0
357276,0,0,0,0,0,0,0,0,0,0,0,0,0,245,0,0,0
357441,0,0,0,0,0,0,1,0,0,0,0,0,0,0,0,0,0
357809,0,0,0,0,0,0,0,0,0,0,0,0,0,0,1,459,0
358220,21,2,0,0,1,0,2,0,0,0,0,0,15,4,19,8,9
360911,2,2,4,3,6,2,5,0,0,0,0,0,1,0,2,0,0
361101,0,0,0,0,0,0,0,0,0,0,0,0,0,1,0,0,0
361183,0,2,0,0,0,0,0,0,0,0,0,0,0,1,0,0,0
361277,0,1,0,0,1,2,1,0,0,0,0,0,0,0,0,1,1
363835,0,0,0,0,0,0,0,0,0,0,0,0,0,1,0,0,0
363952,24,1,3,2,3,10,4,0,0,0,0,0,25,11,23,10,7
365044,2,0,0,0,0,0,0,0,0,0,0,0,3,2,1,1,0
365659,0,0,0,0,0,0,0,0,0,0,0,0,0,0,1,0,0
367825,0,0,0,0,0,0,0,0,0,0,0,0,1,1,0,0,0
368607,0,0,0,0,1,0,0,0,0,0,0,0,0,111,0,5,0
370111,1,0,0,2,0,0,0,0,0,0,0,0,0,0,0,0,0
371036,26,59,96,89,114,46,56,0,0,0,0,0,26,42,25,17,22
373687,0,0,0,0,1,1,1,0,0,0,0,0,0,0,0,0,0
374606,0,0,0,4,0,0,0,0,0,0,0,0,0,0,0,0,0
375489,0,0,0,0,0,0,0,0,0,0,0,0,0,0,0,16,0
379895,1,1,0,0,1,1,0,0,0,0,0,0,0,0,2,0,0
386490,0,0,2,0,2,0,1,0,0,0,0,0,2,0,0,1,0
386874,0,0,0,0,0,0,0,0,0,0,0,0,0,0,0,5,0
388919,0,1,0,0,0,0,0,0,0,0,0,0,48,126,99,34,0
391008,10,0,0,0,0,0,0,0,0,0,0,0,0,0,0,0,0
391290,1,5,7,1,13,0,7,0,0,0,0,0,1,1,5,1,2
391735,3,0,0,0,0,0,1,0,0,0,0,0,1,2,3,1,0
394340,0,0,0,0,0,0,0,0,0,0,0,0,0,0,7,0,0
394958,16,0,0,3,0,8,0,0,0,0,0,0,0,0,0,0,0
395019,0,0,0,0,0,0,0,0,0,0,0,0,4,0,0,1,0
395495,1,0,0,0,0,0,0,0,0,0,0,0,2,0,0,0,0
396513,1,1,1,0,0,0,0,0,0,0,0,0,0,0,0,0,0
397945,1,0,0,0,0,0,0,0,0,0,0,0,0,0,0,0,0
398511,0,1,1,4,1,1,1,0,0,0,0,0,0,0,0,0,0
398524,0,0,0,0,0,0,6,0,0,0,0,0,0,0,0,0,0
398577,0,0,0,0,0,0,0,0,0,0,0,0,0,0,0,0,1
398578,114,104,370,71,254,540,213,3,0,0,0,1,119,760,3042,63,13
400065,0,0,0,0,0,0,0,0,0,0,0,0,0,1,1,2,0
402384,1,1,3,4,5,1,1,0,0,0,0,0,2,3,0,0,2
404405,0,0,0,0,0,0,0,0,0,0,0,0,0,0,0,105,0
405535,0,1,1,0,0,2,0,0,0,0,0,0,0,0,0,0,0
406425,0,0,0,0,0,0,0,0,0,0,0,0,3,0,0,0,0
407020,0,0,0,0,0,0,0,0,0,0,0,0,0,0,0,2,0
407035,0,0,1,1,0,0,0,0,0,0,0,0,0,0,0,0,0
412384,23,33,57,38,82,39,36,0,0,0,0,0,5,19,22,12,12
412963,0,0,0,0,0,0,0,0,0,0,0,0,0,0,0,0,1
413882,1,0,0,0,0,1,0,0,0,0,0,0,2,4,1,2,1
414778,1,1,0,0,6,0,1,0,0,0,0,0,0,0,0,6,0
416213,0,0,0,0,0,0,0,0,0,0,0,0,0,0,0,1,0
417203,0,0,0,0,0,0,0,0,0,0,0,0,0,0,0,1,0
417367,0,0,4,0,2,0,1,0,0,0,0,0,0,1,0,7,0
417368,0,0,0,1,0,0,0,0,0,0,0,0,0,0,0,0,0
418699,0,0,0,0,0,0,0,0,0,0,0,0,0,0,0,6,0
419475,3,0,0,0,0,0,0,0,0,0,0,0,0,0,0,1,0
420246,17,19,26,19,30,6,22,1,0,0,0,0,4,1,8,6,5
420952,0,0,0,0,0,0,0,0,0,0,0,0,0,0,0,1,0
421767,0,0,0,0,0,0,0,0,0,0,0,0,0,0,0,1,1
424800,0,0,0,0,0,0,0,0,0,0,0,0,0,25,0,0,0
426117,0,0,0,0,0,0,0,0,0,0,0,0,0,1,0,0,0
430679,0,0,0,0,0,0,0,0,0,0,0,0,0,0,0,2,3
431943,4,0,0,0,0,0,0,0,0,0,0,0,0,0,0,0,0
433286,0,0,0,0,0,0,0,0,0,0,0,0,0,0,0,14,0
434008,0,0,0,0,0,0,0,0,0,0,0,0,0,0,3,1,0
434014,0,0,0,0,0,0,0,0,0,0,0,0,0,0,2,0,0
435591,0,0,0,0,0,0,0,0,0,0,0,0,0,0,0,1,0
436515,3868,274,16,22,221,2,157,16,0,0,0,5,2978,2181,3462,1722,1041
439375,5435,1,2,0,1,2,3,1,0,0,0,0,2,772,776,1724,2434
441156,0,0,0,0,0,0,0,0,0,0,0,0,1,0,0,0,0
441163,0,0,0,0,0,0,0,0,0,0,0,0,2,0,1,4,1
444103,0,0,0,0,0,0,0,0,0,0,0,0,0,0,0,1,0
445975,0,0,0,0,0,0,0,0,0,0,0,0,0,0,133,0,0
446462,0,0,0,0,0,0,0,0,0,0,0,0,0,0,0,3,0
446469,1,0,0,0,0,0,0,0,0,0,0,0,0,0,0,0,0
446470,0,0,0,0,0,0,0,0,0,0,0,0,0,2,0,0,0
450367,13,33,47,37,57,27,25,1,0,0,0,0,9,5,15,13,5
450851,0,0,0,0,0,0,0,0,0,0,0,0,0,3,0,0,0
451515,0,2,1,0,0,0,0,0,0,0,0,0,0,0,0,0,0
451709,0,2,3,0,3,1,1,0,0,0,0,0,0,0,0,1,0
451752,2,0,0,0,0,0,0,0,0,0,0,0,0,0,1,0,0
451876,1,0,0,0,0,0,0,0,0,0,0,0,0,1,0,0,0
452440,0,0,0,0,0,0,0,0,0,0,0,0,1,0,1,1,1
453162,1,0,0,0,0,0,0,0,0,0,0,0,0,0,0,0,0
453842,0,0,0,0,0,0,0,0,0,0,0,0,0,66,0,0,0
457570,0,0,0,0,0,0,0,0,0,0,0,0,0,0,0,2,0
458233,1,2,4,5,5,0,2,0,0,0,0,0,0,1,1,0,0
459472,0,0,0,0,1,0,1,0,0,0,0,0,0,0,0,6,0
463014,1,0,1,0,0,0,0,0,0,0,0,0,0,0,0,0,0
463025,0,1,0,0,0,0,0,0,0,0,0,0,0,0,0,0,0
463040,0,1,1,0,0,0,1,0,0,0,0,0,0,0,0,0,0
467262,1085,2224,2500,1999,5095,1597,3480,4,0,0,0,2,772,384,1028,968,1117
467705,0,0,0,0,0,0,0,0,0,0,0,0,0,0,0,1,0
469371,0,0,0,0,0,0,0,0,0,0,0,0,0,0,0,2,0
471852,0,0,0,0,0,0,0,0,0,0,0,0,0,0,0,9,0
471853,0,1,0,0,0,0,0,0,0,0,0,0,0,1,0,0,0
471875,0,0,0,0,0,0,0,0,0,0,0,0,0,0,0,32,0
475937,0,0,1,0,0,0,0,0,0,0,0,0,63,82,26,81,53
478749,0,0,1,0,0,0,0,0,0,0,0,0,0,0,0,139,0
479434,0,0,0,0,0,2,0,0,0,0,0,0,0,0,0,0,0
482957,0,1,0,2,1,0,0,0,0,0,0,0,939,50,280,228,97
483913,5,8,17,8,16,3,11,0,0,0,0,0,0,3,6,7,0
486398,1197,1939,2066,1238,2509,1089,2098,2,0,0,0,2,446,221,543,776,736
487698,16,1,0,0,0,0,0,0,0,0,0,0,0,0,0,0,0
487909,0,1,0,0,0,0,0,0,0,0,0,0,0,0,0,0,0
488446,0,0,0,0,0,0,0,0,0,0,0,0,11,3,1,3,0
488447,3,6,7,10,4,0,4,6,0,0,0,2,19574,1350,6710,6643,2384
488729,0,0,0,0,0,0,0,0,0,0,0,0,4,1,4,4,0
488730,1,0,0,0,1,0,0,0,0,0,0,0,273,27,87,92,31
488731,0,0,0,0,0,0,0,0,0,0,0,0,3,0,1,0,0
488732,0,0,0,0,1,0,0,0,0,0,0,0,6,0,0,4,0
491915,1,9,6,5,7,2,4,0,0,0,0,0,1,0,1,10,2
492670,66,100,110,73,145,59,102,2,0,0,0,0,13,27,37,32,24
497965,0,0,0,0,0,0,0,0,0,0,0,0,0,1,0,0,0
504832,0,0,0,0,0,0,0,0,0,0,0,0,2,0,0,0,2
508767,3,0,0,0,0,2,0,0,0,0,0,0,0,0,0,0,0
512402,0,0,1,0,0,0,0,0,0,0,0,0,0,1,1,0,0
516950,0,0,0,0,0,0,0,0,0,0,0,0,0,0,0,1,0
520455,5,0,0,0,0,0,0,0,0,0,0,0,0,0,0,0,2
521096,0,0,1,0,0,0,0,0,0,0,0,0,0,0,0,0,0
522262,1,1,0,0,0,0,0,0,0,0,0,0,0,1,1,0,0
523796,0,0,1,0,0,0,0,0,0,0,0,0,0,1,2,0,0
525903,0,0,0,0,0,0,0,0,0,0,0,0,2,4,0,0,0
525909,0,0,0,0,1,0,0,0,0,0,0,0,0,0,0,317,0
526225,0,0,0,0,0,0,0,0,0,0,0,0,0,1,0,0,0
526944,0,0,1,0,1,0,0,0,0,0,0,0,0,0,0,0,0
527021,0,0,0,0,0,0,0,0,0,0,0,0,0,0,0,1,0
529122,0,1,0,1,1,0,0,0,0,0,0,0,0,0,0,0,1
538949,1368,0,0,0,0,0,0,2,0,0,0,0,0,0,794,417,0
545501,0,0,2,2,3,1,1,0,0,0,0,0,0,0,3,1,1
545693,1,0,0,0,0,1,0,0,0,0,0,0,0,0,1,0,0
545774,0,0,0,0,0,0,0,0,0,0,0,0,0,0,0,1,1
546160,0,0,2,0,0,0,0,0,0,0,0,0,0,0,0,0,0
548473,2,13,5,0,0,0,0,0,0,0,0,0,0,3,4,0,2
548476,0,0,0,0,0,0,0,0,0,0,0,0,0,5,0,0,0
552526,0,0,0,0,0,0,0,0,0,0,0,0,0,0,0,1,0
552536,1,1,0,1,0,0,0,0,0,0,0,0,0,0,0,0,0
553199,14,20,5,1,2,2,2,0,0,0,0,0,26,25,10,12,28
553814,2,0,0,0,0,0,0,0,0,0,0,0,0,0,0,1,0
554880,0,0,0,0,1,0,0,0,0,0,0,0,0,0,0,0,0
555079,1,0,0,0,0,0,0,0,0,0,0,0,0,0,0,0,0
556269,0,0,0,0,0,0,0,0,0,0,0,0,0,2,0,0,0
556499,0,0,0,0,0,0,0,0,0,0,0,0,0,1,0,0,0
557724,0,0,0,0,0,0,0,0,0,0,0,0,0,0,0,1,0
558537,36,14,68,10,47,72,37,0,0,0,0,0,20,6,25,14,4
561879,1,2,4,2,10,3,1,0,0,0,0,0,1,1,0,2,0
563169,0,0,1,0,0,0,0,0,0,0,0,0,0,0,0,1,1
563996,0,0,0,0,0,0,0,0,0,0,0,0,0,1,0,16,0
564065,0,0,0,0,0,0,0,0,0,0,0,0,1,0,1,2,0
565050,0,0,0,0,0,0,0,0,0,0,0,0,0,2,0,0,0
565655,0,0,1,0,0,0,0,0,0,0,0,0,0,0,0,0,0
566027,0,0,0,0,0,0,0,0,0,0,0,0,0,0,0,0,8
570278,130,238,285,187,440,156,236,0,0,0,0,0,42,52,102,82,129
570505,0,0,0,0,0,0,0,0,0,0,0,0,0,0,4,0,0
571256,0,0,0,0,0,0,0,0,0,0,0,0,0,1,0,1,1
571915,0,1,0,0,0,0,0,0,0,0,0,0,0,0,0,0,0
572264,7,13,13,6,15,5,13,0,0,0,0,0,1,2,7,14,3
573061,38,0,0,6,0,18,0,0,0,0,0,0,0,0,0,0,0
580165,3,4,1,2,6,1,4,0,0,0,0,0,0,0,0,2,2
580332,1,0,0,0,0,0,0,0,0,0,0,0,0,0,0,0,0
583319,149,0,0,0,0,0,0,0,0,0,0,0,0,0,0,0,0
585143,0,0,0,0,0,0,0,0,0,0,0,0,0,0,1,0,0
585529,0,0,0,0,0,0,0,0,0,0,0,0,1,39,0,1,0
586733,4,12,5,0,0,0,0,0,0,0,0,0,3,8,11,10,5
591001,0,0,0,0,0,0,0,0,0,0,0,0,0,4,0,0,0
591365,0,0,0,0,0,0,0,0,0,0,0,0,0,0,1,1,1
592010,0,0,0,0,0,0,0,0,0,0,0,0,0,0,0,1,0
595537,264550,14773,110,168,11192,18,9694,115,3,0,0,84,213717,67345,250374,129298,77201
596154,0,0,0,0,0,1,0,0,0,0,0,0,0,0,0,0,0
598660,0,0,0,0,0,0,0,0,0,0,0,0,0,1,0,0,0
617123,0,0,0,0,0,0,0,0,0,0,0,0,0,0,0,506,0
626418,0,0,0,0,0,0,0,0,0,0,0,0,1,0,0,0,0
633147,1,0,0,0,0,0,0,0,0,0,0,0,0,0,162,0,0
633404,2,6,10,2,11,1,3,0,0,0,0,0,0,1,1,2,3
634956,1,0,0,0,1,0,0,0,0,0,0,0,0,0,0,1,0
637380,13,17,34,14,31,10,13,0,0,0,0,0,4,4,9,5,6
637909,0,0,0,0,0,0,0,0,0,0,0,0,0,0,0,1,0
638301,0,1,2,0,4,2,1,0,0,0,0,0,0,0,0,0,0
639200,4,0,1,0,0,0,0,0,0,0,0,0,2,3,3,2,0
643214,5,1,1,0,0,0,0,0,0,0,0,0,1,3,41,58,0
644283,0,0,0,0,0,0,0,0,0,0,0,0,0,0,0,1,0
645991,0,0,1,0,0,0,0,0,0,0,0,0,0,0,0,0,0
646529,0,1,0,0,0,0,0,0,0,0,0,0,2,4,0,1,1
649639,0,0,0,0,0,1,0,0,0,0,0,0,0,0,0,0,0
649756,0,0,0,0,0,0,0,0,0,0,0,0,0,0,0,6,0
653045,0,0,0,0,0,0,0,0,0,0,0,0,0,0,0,2,0
653931,0,0,0,0,0,0,0,0,0,0,0,0,0,0,0,1,0
655816,1,1,3,6,2,0,2,0,0,0,0,0,0,0,1,0,1
656178,0,0,0,0,0,0,0,0,0,0,0,0,1,0,0,0,0
657642,0,0,1,0,0,0,0,0,0,0,0,0,0,295,1,0,0
659243,1,0,5,3,6,3,5,0,0,0,0,0,1,0,1,0,2
663951,0,2,3,0,1,0,0,0,0,0,0,0,0,1,1,0,0
665099,94,173,217,160,315,107,156,1,0,0,0,1,28,18,66,56,47
673518,0,0,0,0,1,0,0,0,0,0,0,0,0,0,0,0,0
675281,0,0,0,10,0,0,0,0,0,0,0,0,0,0,0,0,0
678932,1,0,0,0,0,0,0,0,0,0,0,0,0,4,0,0,0
679935,35,0,0,0,0,0,0,0,0,0,0,0,0,0,10,5,0
681288,0,2,0,0,0,0,0,0,0,0,0,0,0,2,1,0,0
684066,0,0,0,0,0,0,0,0,0,0,0,0,0,0,0,3,0
686597,0,0,0,0,0,0,0,0,0,0,0,0,0,0,0,0,1
692420,0,0,0,1,0,0,1,0,0,0,0,0,0,0,0,0,0
696216,0,0,0,0,0,0,0,0,0,0,0,0,0,1,0,0,0
697284,0,1,0,1,1,0,0,0,0,0,0,0,0,1,0,0,0
698737,1,1,2,0,0,0,0,0,0,0,0,0,11,18,2,6,0
698758,12,38,63,24,61,27,38,0,0,0,0,0,6,8,14,8,18
698965,0,0,0,0,0,0,0,0,0,0,0,0,0,1,0,0,0
700015,0,0,0,0,0,0,0,0,0,0,0,0,0,0,4,0,0
702113,0,1,0,0,0,0,0,0,0,0,0,0,0,1,0,0,0
702967,0,0,0,0,0,0,1,0,0,0,0,0,0,127,1,0,0
704125,0,0,0,0,0,1,0,0,0,0,0,0,0,0,3,0,0
712270,0,0,0,0,0,0,0,0,0,0,0,0,0,0,0,1,0
712411,0,0,0,0,0,0,0,0,0,0,0,0,0,0,175,0,0
712623,0,0,0,0,0,0,0,0,0,0,0,0,4,33,11,4,0
712633,0,0,0,0,0,0,0,0,0,0,0,0,0,6,4,0,0
714067,0,0,0,0,0,0,0,0,0,0,0,0,1,0,0,0,0
714359,0,0,1,0,0,0,1,0,0,0,0,0,0,1,0,0,0
715179,1,0,0,0,0,0,0,0,0,0,0,0,0,0,0,0,0
717605,1,1,3,1,3,1,0,0,0,0,0,0,0,0,3,2,0
717959,1673,1,0,0,0,0,0,0,0,0,0,0,0,0,1367,545,0
742013,98,97,407,80,277,468,218,2,0,0,0,1,105,38,10,63,14
745774,1,0,0,0,0,0,0,0,0,0,0,0,0,0,0,0,0
754035,0,0,0,0,0,0,0,0,0,0,0,0,0,0,1,0,0
754502,0,0,0,0,0,0,0,0,0,0,0,0,0,0,0,1,0
756892,0,0,0,0,0,9,0,0,0,0,0,0,0,3,3,0,0
758793,0,0,0,0,0,0,0,0,0,0,0,0,1,0,0,0,0
758826,12,1,1,0,0,0,0,0,0,0,0,0,6,3,10,9,3
762376,26,49,101,0,0,0,67,0,0,0,0,0,17,0,0,0,0
762833,0,0,0,1,0,0,0,0,0,0,0,0,0,0,0,0,0
766894,2,3,4,4,0,0,0,0,0,0,0,0,0,0,0,2,1
767463,0,0,0,0,0,0,1,0,0,0,0,2,0,2,76,480,162
768486,7,13,9,14,20,9,10,0,0,0,0,0,3,1,4,4,3
795665,0,0,0,0,0,0,0,0,0,0,0,0,1,0,0,0,0
796606,63,136,176,135,220,73,120,1,0,0,0,0,17,49,43,86,57
857252,0,0,0,0,0,0,0,0,0,0,0,0,0,0,33,1,0
858423,0,2,0,1,0,0,0,1,0,0,0,0,148,148,58,224,143
859144,0,0,1,0,0,0,1,0,0,0,0,0,0,0,0,1,0
859656,0,0,0,0,0,0,0,0,0,0,0,0,2,1,2,2,0
859657,0,0,0,0,0,0,0,0,0,0,0,0,0,3,0,0,0
861109,0,0,0,0,0,0,0,0,0,0,0,0,0,0,0,1,0
862967,0,0,0,0,0,0,0,0,0,0,0,0,0,1,0,0,0
862969,0,0,0,0,0,0,0,0,0,0,0,0,0,0,1,0,0
864803,2,0,0,0,0,0,0,0,0,0,0,0,0,0,0,0,0
866786,2,0,0,1,2,0,0,0,0,0,0,0,0,0,0,0,0
867076,0,0,1,1,3,1,3,0,0,0,0,0,0,0,0,0,0
868597,5,0,0,0,0,0,0,0,0,0,0,0,0,0,0,0,0
869816,1,2,0,0,0,0,0,0,0,0,0,0,0,1,0,0,0
873447,0,0,0,0,0,0,0,0,0,0,0,0,0,1,1,1,0
876364,0,0,0,0,0,0,0,0,0,0,0,0,1,0,1,0,1
879088,1,7,6,6,5,2,7,0,0,0,0,0,2,1,2,2,5
879243,0,0,0,0,0,0,0,0,0,0,0,0,0,1,0,0,0
879970,0,0,0,0,0,0,0,0,0,0,0,0,0,0,0,1,0
881621,0,1,1,1,2,0,1,0,0,0,0,0,1,0,1,0,0
882097,0,0,0,1,0,0,0,0,0,0,0,0,0,0,0,0,0
884204,0,0,0,0,0,0,0,1,0,0,0,0,5,0,1,2,0
889201,0,0,0,0,0,0,0,0,0,0,0,0,3,3,3,2,0
908937,0,0,0,0,0,0,0,0,0,0,0,0,0,0,1,0,0
909952,927,1603,674,3,82,69,107,3,0,0,0,3,1719,2845,1185,681,1266
929506,1,0,0,0,0,0,0,0,0,0,0,0,0,0,0,0,0
931276,0,0,0,1,0,0,0,0,0,0,0,0,0,0,0,0,0
936156,0,1,3,0,4,1,0,0,0,0,0,0,0,0,0,0,1
937773,0,0,0,0,0,0,0,0,0,0,0,0,1,2,0,0,0
941639,0,0,0,0,0,0,1,0,0,0,0,0,0,0,0,0,0
945021,0,0,0,0,0,0,0,0,0,0,0,0,0,0,0,1,0
945704,0,0,0,0,0,0,0,0,0,0,0,0,0,1,0,0,0
946333,2,0,0,0,0,0,0,0,0,0,0,0,0,1,0,0,2
946483,3,0,0,0,1,0,0,0,0,0,0,0,6,1,0,0,1
981540,0,0,0,1,0,0,0,0,0,0,0,0,0,0,0,1,0
983594,0,0,0,0,0,0,0,0,0,0,0,0,7,2,3,3,1
985002,3,3,5,0,0,0,0,0,0,0,0,0,0,6,2,1,0
985006,0,2,1,0,0,0,0,0,0,0,0,0,0,1,0,1,0
985079,0,0,0,0,0,0,0,0,0,0,0,0,2,0,1,1,1
985665,0,0,0,1,0,0,3,0,0,0,0,0,0,0,1,0,0
985762,1,4,5,0,0,0,0,0,0,0,0,0,1,3,0,1,0
986075,0,0,0,0,1,0,0,0,0,0,0,0,0,0,0,1,0
990315,0,0,0,0,0,0,0,0,0,0,0,0,3,0,0,0,0
996558,6627,16794,17571,11185,23725,7788,11423,30,0,0,0,12,2318,2593,5687,5673,3188
997877,0,0,0,1,0,0,1,1,0,0,0,0,1,1941,0,2,1
999541,0,0,0,0,0,0,0,0,0,0,0,0,2,0,0,1,0
999891,0,2,1,0,1,0,0,0,0,0,0,0,0,0,0,0,1
1002809,0,2,3,3,5,1,3,0,0,0,0,0,0,1,0,1,0
1003239,4,4,9,9,8,4,4,0,0,0,0,0,6,1,6,4,0
1004952,0,0,0,0,0,0,0,0,0,0,0,0,0,2,1,0,0
1006007,0,1,2,0,0,0,0,0,0,0,0,0,0,0,0,0,0
1006543,1,6,2,0,0,0,0,0,0,0,0,0,0,3,2,1,1
1009682,0,0,1,0,0,0,0,0,0,0,0,0,0,0,0,0,0
1009846,0,0,0,0,0,0,0,0,0,0,0,0,81,5,25,24,8
1017270,0,3,0,5,3,0,0,0,0,0,0,0,0,0,0,1,1
1029825,1,0,0,0,0,0,0,0,0,0,0,0,0,0,0,0,0
1031711,0,0,0,0,0,0,0,0,0,0,0,0,2,1,2,1,0
1033732,2027,1,0,0,1,1,0,1,0,0,0,1,1,5,4140,1753,0
1034809,2,3,1,0,0,0,0,0,0,0,0,0,1,11,7,8,14
1034836,0,0,2,0,0,0,0,0,0,0,0,0,1,0,0,1,0
1036672,0,0,1,0,0,0,0,0,0,0,0,0,0,0,0,0,0
1037409,0,0,0,0,0,0,0,0,0,0,0,0,0,0,0,3,0
1038856,0,1,2,4,2,0,1,0,0,0,0,0,0,0,0,38,0
1041138,1,0,0,0,0,0,0,0,0,0,0,0,0,0,0,0,0
1042156,0,0,0,0,0,0,0,0,0,0,0,0,0,0,0,36,0
1045317,0,0,0,0,0,0,0,0,0,0,0,0,0,0,0,4,0
1046629,0,0,0,0,0,0,0,0,0,0,0,0,0,3,0,0,0
1048834,0,0,0,0,1,0,0,0,0,0,0,0,0,0,0,0,0
1050174,0,0,0,0,0,0,0,0,0,0,0,0,0,1,0,1,0
1051074,0,2,0,0,4,0,0,0,0,0,0,0,1,1,11,6242,15
1051973,0,0,0,0,0,0,0,0,0,0,0,0,12,0,0,0,0
1055524,0,0,0,0,0,0,0,0,0,0,0,0,10,0,0,2,2
1064535,0,1,0,0,0,0,0,0,0,0,0,0,0,0,0,0,0
1069220,0,0,2,0,0,0,0,0,0,0,0,0,0,0,0,0,0
1069534,13,19,27,20,28,12,16,0,0,0,0,0,3,2,5,12,2
1071078,27,52,92,74,119,46,55,1,0,0,0,0,13,9,22,17,20
1071080,0,2,2,3,3,0,1,0,0,0,0,0,0,0,0,0,1
1071679,0,0,0,0,0,0,0,0,0,0,0,0,2,0,0,0,0
1074919,0,0,1,0,0,0,0,0,0,0,0,0,0,2,0,1,0
1076934,0,0,0,0,0,0,0,0,0,0,0,0,0,0,0,2,0
1077935,0,0,0,0,0,0,0,0,0,0,0,0,0,1,0,0,0
1082851,1,0,0,0,0,2,0,0,0,0,0,0,1,0,0,0,0
1087448,0,0,0,0,0,0,0,0,0,0,0,0,0,0,1,0,0
1091045,19951,20538,2564,40,76,3531,55,32,0,0,0,23,41466,74298,10153,6524,9951
1104322,0,0,0,0,1,0,0,0,0,0,0,0,0,0,0,0,0
1111068,1,0,2,0,3,1,2,0,0,0,0,0,1,0,1,1,0
1112204,0,0,0,0,0,0,0,0,0,0,0,0,0,0,0,2,0
1114965,0,0,0,0,0,0,0,0,0,0,0,0,0,0,1,0,0
1114966,15743,2653,537,5,22526,39,76,7,0,0,0,4,1815,2959,4153,2937,3390
1114969,179,147,60,0,96,18,8,0,0,0,0,0,188,355,118,110,105
1121088,0,0,0,0,1,0,0,0,0,0,0,0,0,0,0,0,0
1121354,0,1,0,0,0,0,0,0,0,0,0,0,0,0,0,0,0
1121364,0,0,5,0,0,0,0,0,0,0,0,0,0,2,2,0,0
1122995,11875,21325,9129,35,213,3346,1299,42,0,0,0,13,22195,36915,15139,9093,16319
1123269,0,0,0,0,0,0,0,0,0,0,0,0,0,0,0,8,0
1131462,0,0,0,0,0,0,1,0,0,0,0,0,0,0,0,0,0
1134454,23,37,20,0,5,5,1,0,0,0,0,0,54,92,37,20,33
1138452,2,4,1,7,4,3,4,0,0,0,0,0,0,0,1,1,2
1138822,0,0,0,0,1,0,1,0,0,0,0,0,0,0,0,0,0
1146883,0,0,0,0,0,0,0,0,0,0,0,0,0,42,0,0,0
1155777,1,1,0,0,2,0,1,0,0,0,0,0,0,0,0,1,1
1156431,1,0,0,0,0,0,0,0,0,0,0,0,10,13,33,16,0
1161911,0,1,0,0,0,0,0,0,0,0,0,0,0,0,0,0,0
1170318,3,5,1,0,1,29,1,0,0,0,0,0,17,9,6,6,4
1171373,0,1,1,0,0,1,0,0,0,0,0,0,0,2,1,0,0
1176492,0,0,0,0,0,0,0,0,0,0,0,0,0,0,1,0,0
1176514,0,0,0,0,0,0,0,0,0,0,0,0,3,1,1,1,1
1176533,1,0,0,0,0,0,0,0,0,0,0,0,0,0,0,0,0
1176646,0,0,0,0,0,0,0,0,0,0,0,0,0,0,0,1,0
1177211,0,0,0,0,0,0,0,0,0,0,0,0,0,0,1,0,0
1177574,1,3,0,0,0,0,0,0,0,0,0,0,0,0,1820,0,1
1178515,1,5,7,5,19,4,22,0,0,0,0,0,1,1,1,4,2
1178537,0,0,0,0,0,0,0,0,0,0,0,0,0,0,0,1,0
1179675,0,0,0,0,0,0,0,0,0,0,0,0,1,0,1,0,1
1179773,0,0,0,0,0,0,0,0,0,0,0,0,0,0,0,2,0
1185653,31,59,85,73,107,21,64,0,0,0,0,0,9,15,16,19,15
1187956,1,0,1,0,1,0,2,0,0,0,0,0,0,0,2,3648,1
1190508,0,1,0,0,0,0,0,0,0,0,0,0,0,1,0,7,0
1192196,2,2,1,3,1,0,4,0,0,0,0,0,0,0,1,0,1
1192197,0,0,0,0,0,1,0,0,0,0,0,0,0,0,0,0,0
1193713,0,1,1,1,2,0,1,0,0,0,0,0,0,0,1,0,0
1196031,2,12,9,10,11,5,10,0,0,0,0,0,3,1,6,3,0
1204342,0,0,0,0,1,0,0,0,0,0,0,0,0,0,0,0,0
1207470,0,0,0,0,0,0,0,0,0,0,0,0,1,0,0,0,0
1213182,0,0,0,0,0,0,0,0,0,0,0,0,1,0,0,0,1
1214604,0,0,1,0,4,0,0,0,0,0,0,0,0,1,2,0,0
1215089,0,0,0,2,3,0,0,0,0,0,0,0,0,1,0,0,0
1216297,0,0,1,0,0,0,0,0,0,0,0,0,0,0,0,0,0
1216932,1,0,0,1,0,0,0,0,0,0,0,0,0,0,0,0,0
1217737,0,0,0,0,1,0,0,0,0,0,0,0,0,0,0,0,0
1219032,0,0,0,0,0,0,0,0,0,0,0,0,0,1,0,0,2
1219058,0,1,0,0,0,0,0,0,0,0,0,0,0,0,0,0,0
1221500,0,0,0,1,1,0,0,0,0,0,0,0,0,0,0,0,0
1223503,2,3,4,4,7,2,7,0,0,0,0,0,1,0,1,1,2
1223802,0,0,0,0,0,0,0,0,0,0,0,0,0,0,1,0,0
1224162,0,0,0,0,0,0,0,0,0,0,0,0,0,5,0,0,0
1224163,0,0,0,0,0,0,0,0,0,0,0,0,0,0,0,1,0
1224164,0,0,0,0,0,0,0,0,0,0,0,0,0,1,0,0,0
1225788,1,1,2,2,4,2,2,0,0,0,0,0,0,3,0,2,0
1229205,0,0,0,0,0,0,0,0,0,0,0,0,1,0,0,0,0
1229492,1,3,4,0,0,0,0,0,0,0,0,0,0,0,1,0,2
1230341,0,0,1,0,0,0,0,0,0,0,0,0,1,0,0,0,0
1232427,0,6,0,1,0,0,0,0,0,0,0,0,0,0,0,0,0
1233100,0,0,0,0,1,0,0,0,0,0,0,0,0,0,0,0,0
1234679,33,42,59,48,79,21,56,0,0,0,0,0,21,15,18,16,10
1234680,0,0,0,0,0,0,0,0,0,0,0,0,0,1,2,1,0
1241583,0,0,0,0,0,0,0,0,0,0,0,0,0,0,1,0,0
1242245,0,0,0,0,0,0,0,0,0,0,0,0,0,26,0,0,0
1245469,0,0,0,0,0,0,0,1,0,0,0,0,11,5,4,18,10
1246301,21,2,0,0,1,0,1,0,0,0,0,0,30,13,28,21,11
1246626,4,22,20,19,26,8,13,0,0,0,0,0,1,1,4,7,7
1247726,3,1,2,0,0,0,2,0,0,0,0,0,0,0,0,0,0
1249471,0,0,0,0,0,0,0,0,0,0,0,0,1,0,0,0,0
1249472,0,0,0,0,0,0,0,0,0,0,0,0,3,0,1,1,0
1249473,0,0,0,0,0,0,0,0,0,0,0,0,5,0,3,0,0
1249658,0,0,0,0,0,0,0,0,0,0,0,0,0,0,1,0,0
1249662,0,0,0,0,0,0,0,0,0,0,0,0,1,0,0,0,0
1249663,0,0,0,0,0,0,0,0,0,0,0,0,2,0,3,1,0
1249664,0,0,0,0,0,0,0,0,0,0,0,0,7,0,1,1,2
1249667,0,0,0,0,0,0,0,0,0,0,0,0,2,1,2,0,1
1249668,0,0,0,0,0,0,0,0,0,0,0,0,1,0,0,0,1
1261129,0,0,0,0,1,0,0,0,0,0,0,0,0,0,0,0,0
1263728,0,0,2,0,1,0,0,2,0,0,0,0,0,65,1,1,0
1266845,62,88,75,53,101,28,57,0,0,0,0,1,9,21,15,22,27
1267217,1,0,0,0,0,0,0,0,0,0,0,0,0,0,0,0,0
1275962,0,0,0,0,0,0,0,0,0,0,0,0,2,2,0,2,0
1276282,2,0,0,0,0,0,0,0,0,0,0,0,4,5,8,6,0
1276648,218,301,134,2,24,27,24,0,0,0,0,3,318,524,220,131,254
1279365,1,7,18,13,22,4,7,0,0,0,0,0,2,4,0,5,4
1287736,201,717,4010,2,3,0,1107,0,0,0,0,0,220,2,1,0,0
1288495,4,0,0,0,1,0,0,0,0,0,0,0,4,3,4,2,2
1292358,0,0,1,0,0,0,0,0,0,0,0,0,0,0,0,0,0
1296669,0,0,1,0,0,1,0,0,0,0,0,0,0,0,0,0,0
1302308,0,0,0,0,0,0,0,0,0,0,0,0,2,0,0,0,0
1302650,0,0,0,0,1,0,0,0,0,0,0,0,0,0,0,0,0
1302659,328,730,1075,584,1201,432,620,3,0,0,1,0,129,121,237,235,199
1302863,0,0,0,0,0,0,0,0,0,0,0,0,0,0,2,1,0
1306418,0,0,0,0,0,0,0,0,0,0,0,0,0,1,0,1,0
1306421,0,0,0,0,0,0,0,0,0,0,0,0,1,0,0,0,0
1309807,0,0,0,0,0,0,1,0,0,0,0,0,0,0,1,0,0
1310165,0,1,1,0,0,0,0,0,0,0,0,0,70,19,38,35,7
1310168,0,0,0,0,0,0,0,0,0,0,0,0,4,1,4,1,0
1323664,0,0,0,0,1,0,0,0,0,0,0,0,0,2,0,1,0
1325083,0,0,0,0,0,0,0,0,0,0,0,0,1,0,0,2,0
1325090,0,0,0,0,0,0,0,0,0,0,0,0,0,0,1,0,0
1325100,0,0,0,0,0,0,0,0,0,0,0,0,1,0,0,0,1
1325107,0,0,0,0,0,0,0,0,0,0,0,0,0,3,0,3,2
1325724,0,0,0,0,0,0,0,0,0,0,0,0,0,37,0,0,0
1332264,0,0,0,0,0,0,0,0,0,0,0,0,0,1,0,0,0
1333996,0,0,0,0,0,0,0,0,0,0,0,0,0,0,1,1,2
1335307,0,0,0,0,0,0,0,0,0,0,0,0,2,1,0,0,0
1335613,0,0,0,0,0,0,0,0,0,0,0,0,0,0,5,0,0
1340494,0,0,0,0,0,0,1,0,0,0,0,0,0,0,0,0,0
1343064,0,0,1,0,0,0,0,0,0,0,0,0,0,0,0,0,0
1349754,0,0,1,0,0,0,0,0,0,0,0,0,0,0,0,0,0
1349767,0,0,0,0,0,0,0,0,0,0,0,0,0,0,0,4,0
1351755,4299,0,2,1227,2,4057,5,2,0,0,0,3,0,1,974,1,0
1353889,2,0,1,0,0,0,2,0,0,0,0,0,1,0,0,0,0
1353891,3,2,5,0,0,0,2,0,0,0,0,0,2,0,0,0,0
1355477,0,0,0,0,0,0,0,0,0,0,0,0,29,13,8,40,20
1357916,0,2,0,0,1,0,1,0,0,0,0,0,0,0,0,0,0
1367477,3,6,6,9,15,5,5,0,0,0,0,0,1,0,2,2,2
1380685,2,5,2,3,2,3,5,0,0,0,0,0,0,4,1,0,3
1381118,170,0,0,0,0,0,0,0,0,0,0,0,0,0,0,0,0
1385591,0,0,0,0,0,0,0,0,0,0,0,0,1,0,1,0,0
1385727,0,3,3,2,2,2,1,0,0,0,0,0,1,1,0,0,0
1389192,0,0,0,0,0,0,0,0,0,0,0,0,0,0,1,0,0
1389922,6,6,11,0,0,0,13,0,0,0,0,0,1,0,0,0,0
1392476,0,0,1,0,0,0,0,0,0,0,0,0,0,1,1,1,0
1402861,395,792,986,820,1304,484,817,1,0,0,0,0,152,132,316,285,193
1404367,0,0,0,0,0,0,1,0,0,0,0,0,0,0,1,1,2
1404411,0,0,0,6,0,0,83,0,0,0,0,0,0,0,0,0,0
1404443,0,0,0,1,0,0,2,0,0,0,0,0,0,0,0,0,0
1407053,1,0,0,0,0,0,0,0,0,0,0,0,0,0,0,0,1
1407071,0,0,0,0,0,0,0,0,0,0,0,0,0,1,0,0,0
1414719,0,1,0,0,0,0,0,0,0,0,0,0,0,0,0,0,0
1415167,0,0,0,0,0,0,0,0,0,0,0,0,0,1,0,0,0
1415775,3,0,0,0,0,3,0,0,0,0,0,0,0,0,0,0,0
1416803,1,0,1,0,0,0,0,0,0,0,0,0,0,0,0,0,0
1416806,0,0,2,0,0,0,1,0,0,0,0,0,0,0,0,0,0
1417985,1,1,10,0,6,1,1,0,0,0,0,0,0,3,2,0,0
1428454,11,0,0,1,0,1,0,0,0,0,0,1,0,0,1,0,0
1428684,21,45,51,33,50,16,33,0,0,0,0,0,2,10,17,7,10
1435356,0,0,0,0,0,0,0,0,0,0,0,0,0,0,0,0,1
1435984,0,0,0,0,0,0,0,0,0,0,0,0,2,0,0,1,0
1437009,0,0,0,0,0,0,0,0,0,0,0,0,0,1,0,0,0
1437824,1,0,0,0,0,0,0,0,0,0,0,0,0,0,0,0,0
1449752,41,3406,1080,0,0,0,0,0,0,0,0,0,3,554,1,2,63
1449978,0,0,0,0,0,0,0,0,0,0,0,0,2,0,1,4,1
1449979,1,0,0,0,2,0,2,0,0,0,0,0,0,0,0,0,1
1450761,1,1,2,2,2,1,1,0,0,0,0,0,0,3,0,0,3
1454382,12,17,23,12,18,13,18,0,0,0,0,0,3,2,7,3,3
1458253,0,0,0,0,0,0,0,0,0,0,0,0,0,0,0,2,0
1461582,0,1,0,0,0,0,0,0,0,0,0,0,0,0,0,1,0
1462527,0,0,0,0,0,0,0,0,0,0,0,0,2,0,0,0,0
1462996,0,0,1,0,0,0,0,0,0,0,0,0,0,0,0,0,0
1468409,0,0,0,0,0,0,0,0,0,0,0,0,5,0,1,0,2
1472767,0,0,1,0,0,0,0,0,0,0,0,0,1,0,0,0,0
1476025,3,4,3,2,4,1,1,0,0,0,0,0,0,0,0,2,2
1479019,0,0,0,0,0,0,0,0,0,0,0,0,0,0,1,0,0
1481665,0,1,0,0,0,0,1,0,0,0,0,0,0,0,0,0,0
1484693,1,0,0,0,0,0,0,0,0,0,0,0,2,5,4,1,0
1486262,0,0,0,1,0,0,0,0,0,0,0,0,0,0,0,0,0
1490052,2,3,5,1,7,4,2,0,0,0,0,0,0,1,0,0,0
1490057,3,4,8,3,12,3,4,0,0,0,0,0,0,8,1,1,2
1494466,0,0,0,0,0,0,0,0,0,0,0,0,1,1,0,0,0
1495638,0,0,0,0,0,0,0,0,0,0,0,0,0,0,0,1,0
1499308,0,0,0,0,0,0,0,0,0,0,0,0,0,25,0,0,0
1499687,0,0,1,0,0,0,1,0,0,0,0,0,0,0,0,146,0
1500254,4,11,13,8,19,3,15,0,0,0,0,0,1,2,5,2,3
1501662,0,0,0,0,0,0,0,0,0,0,0,0,14,59,66,40,1
1503053,0,0,0,0,0,0,0,0,0,0,0,0,7,1,4,1,2
1503054,0,0,1,0,0,0,0,0,0,0,0,0,34,4,9,11,6
1503055,0,0,0,0,0,0,0,0,0,0,0,0,38,2,13,13,8
1515612,0,9,0,0,3,0,1,0,0,0,0,0,0,1,0,0,0
1517554,0,0,0,0,0,0,0,0,0,0,0,0,0,0,0,1,0
1521768,2,2,2,3,2,0,1,2,0,0,0,2,232,275,119,398,227
1526927,0,0,1,0,0,1,0,0,0,0,0,0,0,1,0,0,1
1528099,0,125,2242,0,0,0,0,1,0,0,0,1,36,244,760,0,112
1529068,0,0,0,0,0,0,0,0,0,0,0,0,0,1,0,0,0
1532555,0,0,0,0,0,0,0,0,0,0,0,0,0,0,0,0,1
1537274,0,0,0,0,0,0,0,0,0,0,0,0,0,0,0,13,0
1541170,0,0,0,0,0,0,0,0,0,0,0,0,0,6,0,1,0
1545044,0,0,0,0,0,0,0,0,0,0,0,0,0,11,0,0,0
1547283,1,3,0,1,1,0,4,0,0,0,0,0,1,1,1,0,1
1547448,0,0,0,0,0,0,0,0,0,0,0,0,0,2,0,0,0
1549858,0,0,0,0,0,0,0,0,0,0,0,0,0,138,0,0,0
1550733,0,19,0,0,2,0,7,0,0,0,0,0,3,3,0,3,0
1560345,0,1,0,0,0,0,0,0,0,0,0,0,0,1,0,0,0
1564114,0,0,0,0,0,0,0,0,0,0,0,0,1,0,0,0,0
1564165,0,0,0,0,0,0,0,0,0,0,0,0,0,8,0,1,0
1564681,0,1,2,0,0,2,3,0,0,0,0,0,0,0,0,0,1
1570939,0,0,0,0,0,0,1,0,0,0,0,0,0,0,0,0,15
1597781,1,0,0,0,0,0,0,0,0,0,0,0,0,0,0,1,0
1598147,0,1,3,1,3,1,3,1,0,0,0,0,0,0,2,4,0
1608957,0,0,0,0,0,0,0,0,0,0,0,0,0,0,0,824,0
1617283,0,0,0,0,0,0,0,0,0,0,0,0,0,1,0,0,0
1620421,0,0,0,0,0,0,0,0,0,0,0,0,0,0,0,2,0
1634516,0,0,0,0,0,0,0,0,0,0,0,0,0,0,0,1,0
1636720,0,0,0,1,0,0,1,0,0,0,0,0,0,0,1,0,1
1637831,0,0,0,0,0,0,0,0,0,0,0,0,2,0,1,2,1
1637869,0,0,0,0,0,0,0,0,0,0,0,0,20,0,5,9,0
1637975,0,1,1,2,2,0,2,0,0,0,0,0,0,0,1,1,0
1644131,0,0,0,0,0,0,0,0,0,0,0,0,0,1,0,2,0
1648923,3,9,5,8,14,3,9,0,0,0,0,0,1,2,3,2,3
1653478,0,0,1,0,1,0,0,0,0,0,0,0,0,359,1,1017,0
1653480,0,0,0,0,0,0,0,0,0,0,0,0,0,0,0,1,0
1654388,0,0,2,0,0,0,0,0,0,0,0,0,0,1,0,2,0
1658665,0,0,0,0,0,0,0,0,0,0,0,0,0,1,0,0,1
1658672,3,0,1,0,0,0,0,0,0,0,0,0,0,0,1,2,0
1664069,0,0,2,0,1,1,1,0,0,0,0,0,0,0,0,0,1
1667239,0,0,0,1,0,0,0,0,0,0,0,0,0,1,0,0,0
1670831,0,0,0,0,0,0,0,0,0,0,0,0,0,0,0,4,0
1671923,0,0,0,0,0,0,0,0,0,0,0,0,3,8,13,2,0
1678128,2361,134,3,8,82,2,91,4,0,0,0,2,1829,699,2519,1100,869
1678129,2,1,0,0,0,0,0,0,0,0,0,0,4,5,3,0,0
1678728,0,0,0,0,0,0,0,0,0,0,0,0,0,8,0,0,0
1679497,0,0,0,1,1,0,0,0,0,0,0,1,0,20,0,0,0
1679721,0,0,0,0,0,0,0,0,0,0,0,0,0,0,0,3,0
1682113,0,0,0,0,0,0,0,0,0,0,0,0,0,0,1,0,0
1685010,0,0,0,0,0,0,0,0,0,0,0,0,0,0,0,2,0
1695218,0,1,0,0,0,0,1,0,0,0,0,0,0,0,0,0,0
1697043,0,0,1,0,0,0,1,0,0,0,0,0,0,0,0,0,0
1705310,0,0,0,0,0,0,0,0,0,0,0,0,3,0,1,1,1
1707785,0,0,0,0,0,0,0,0,0,0,0,0,0,0,1,0,0
1712675,0,3,1,1,3,1,0,0,0,0,0,0,1,0,0,0,0
1714840,0,0,0,0,1,0,0,0,0,0,0,0,0,0,0,0,0
1715720,0,2,3,0,0,1,1,0,0,0,0,0,0,0,1,0,0
1715860,0,1,0,0,0,0,0,1,0,0,0,0,0,14,1554,1,0
1716543,8,0,0,1,0,1,0,0,0,0,0,0,0,0,0,0,0
1734925,1640,2220,759,8,176,152,100,3,0,0,0,2,2656,4332,1340,820,1710
1735038,0,0,1,0,1,0,0,0,0,0,0,0,0,0,0,0,0
1737425,0,1,0,0,0,0,0,0,0,0,0,0,0,1,0,0,0
1737571,0,2,3,2,5,1,4,0,0,0,0,0,1,2,2,1,2
1740721,0,0,0,1,0,0,0,0,0,0,0,0,0,0,0,0,0
1742359,1,1,1,3,2,1,3,0,0,0,0,0,0,1,0,16,0
1750535,1,0,0,0,2,0,0,0,0,0,0,0,0,0,0,0,0
1756988,0,0,0,2,0,0,0,0,0,0,0,0,0,0,0,0,0
1758194,4,1,2,0,0,0,5,0,0,0,0,0,0,0,0,0,0
1759399,0,0,0,0,1,0,0,0,0,0,0,0,1,5,1,0,0
1763535,0,0,0,0,0,0,1,0,0,0,0,0,1,0,0,0,0
1768242,0,0,0,0,0,0,0,0,0,0,0,0,1,0,0,0,0
1777866,0,0,0,0,0,0,0,0,0,0,0,0,0,0,1,0,0
1784713,0,0,0,0,0,0,0,0,0,0,0,0,0,1,0,0,0
1784719,0,0,0,0,0,0,0,0,0,0,0,0,0,11,0,0,0
1785995,0,0,3,0,0,0,0,0,0,0,0,0,0,0,0,0,0
1793721,0,61,0,0,0,0,0,0,0,0,0,0,0,0,0,0,0
1795631,309,15,0,1,13,0,9,0,0,0,0,0,283,107,328,150,123
1796616,0,0,0,0,0,0,0,0,0,0,0,0,0,0,0,7,0
1796646,0,0,0,0,0,0,0,0,0,0,0,0,0,0,137,286,0
1805478,0,0,0,0,0,0,0,0,0,0,0,0,0,0,9,0,0
1813182,0,0,1,0,1,0,0,0,0,0,0,0,0,0,0,0,0
1813468,0,0,0,0,1,0,0,0,0,0,0,0,0,0,0,5,0
1814128,0,0,0,0,0,0,0,0,0,0,0,0,0,0,0,1,0
1817405,0,1,0,2,0,0,1,0,0,0,0,0,0,0,0,0,0
1825069,1,2,1,1,3,0,0,0,0,0,0,0,330,597,658,387,0
1827305,1,0,0,0,0,0,0,0,0,0,0,0,0,0,0,0,0
1827469,0,0,0,0,0,0,0,0,0,0,0,0,0,0,0,1,1
1837130,0,0,0,0,4,0,1,0,0,0,0,0,0,0,1,0,0
1839799,0,0,0,0,0,0,0,0,0,0,0,0,0,115,4,10,3
1842533,8,0,0,0,1,0,0,0,0,0,0,0,3,2,6,2,3
1842534,1,0,0,0,0,0,0,0,0,0,0,0,0,0,0,0,0
1842535,0,0,0,0,1,0,0,0,0,0,0,0,0,0,0,1,0
1842537,0,0,0,0,0,0,0,0,0,0,0,0,0,0,1,0,0
1842539,0,0,0,0,0,0,0,0,0,0,0,0,0,1,0,0,0
1842540,0,0,0,0,0,0,0,0,0,0,0,0,245,0,0,0,0
1842727,435,19,2,3,21,0,18,1,0,0,0,1,337,209,423,216,145
1844051,4,0,0,0,0,0,0,0,0,0,0,0,0,2,0,4,0
1844999,0,0,0,0,1,0,0,0,0,0,0,0,0,0,0,0,0
1847728,0,0,0,1,1,0,0,0,0,0,0,0,0,0,0,0,0
1851544,2,1,4,0,0,0,5,0,0,0,0,0,0,0,0,0,0
1852374,0,0,0,0,0,0,0,0,0,0,0,0,0,0,0,2,0
1852390,0,5,0,0,0,0,0,0,0,0,0,0,0,3,0,0,0
1855823,11,22,23,14,31,17,22,0,0,0,0,0,10,7,7,9,5
1856406,0,0,0,1,0,0,0,0,0,0,0,0,0,0,0,0,0
1858609,9,0,0,0,1,0,1,0,0,0,0,0,6,0,11,5,2
1859475,0,0,0,0,0,0,0,0,0,0,0,0,0,0,0,0,1
1862358,0,1,0,0,0,0,0,0,0,0,0,0,0,1,0,0,0
1866325,0,0,0,0,0,0,0,0,0,0,0,0,0,1,0,0,0
1868734,34,72,70,64,156,27,68,0,0,0,0,1,14,8,37,16,18
1868793,0,0,1,1,1,0,2,0,0,0,0,0,0,0,0,0,0
1868794,0,2,0,0,1,0,0,0,0,0,0,0,0,0,0,0,1
1871019,0,0,0,0,0,0,0,0,0,0,0,0,0,0,24,0,0
1871031,0,0,0,0,0,0,0,0,0,0,0,0,0,0,22,0,0
1871034,1,0,0,0,1,0,0,0,0,0,0,0,0,8,0,0,0
1874061,0,2156,2,1,1076,0,1046,0,0,0,0,0,219,581,0,0,0
1879049,0,0,0,0,0,0,0,0,0,0,0,0,0,1,0,0,0
1888195,1,0,1,1,1,0,0,0,0,0,0,0,146,366,507,225,0
1898474,8,9,12,11,23,6,28,0,0,0,0,0,7,1,6,9,4
1902580,0,1,1,0,0,1,0,0,0,0,0,0,0,0,0,0,0
1903056,4,13,3,8,17,12,7,0,0,0,0,0,3,1,6,4,5
1903186,0,0,0,0,0,0,0,0,0,0,0,0,0,0,4,0,0
1903686,0,1,0,0,0,1,1,0,0,0,0,0,0,0,0,0,0
1905725,436,502,125,2,28,68,10,3,0,0,0,1,775,1646,262,159,270
1906738,0,0,0,0,0,0,0,0,0,0,0,0,0,1,0,0,0
1911586,1,4,4,2,1,1,4,1,0,0,0,0,0,0,2,3,1
1911587,0,0,0,0,0,0,0,0,0,0,0,0,1,0,0,0,0
1912064,0,0,0,0,0,0,0,0,0,0,0,0,0,0,1,0,0
1912897,0,0,0,0,0,0,0,0,0,0,0,0,0,0,0,6,0
1913578,0,1,0,0,0,0,0,0,0,0,0,0,0,0,0,0,0
1914525,0,1862,0,1,938,0,825,0,0,0,0,0,302,522,1,1,0
1917441,0,0,0,0,0,0,0,0,0,0,0,0,8,14,22,9,0
1920191,99,82,283,54,182,362,157,0,0,0,0,0,81,30,4,47,9
1920883,0,0,0,0,0,0,0,0,0,0,0,0,0,1,0,0,0
1921421,0,3,1,1,2,0,0,0,0,0,0,0,0,3,0,0,0
1925020,0,0,0,0,1,0,0,0,0,0,0,0,0,0,0,0,0
1925021,2,2,8,3,7,2,3,0,0,0,0,0,1,4,1,2,2
1926494,0,0,0,0,0,0,0,0,0,0,0,0,0,0,0,1,0
1926868,0,0,0,0,0,0,0,0,0,0,0,0,1,0,0,1,0
1930546,0,5,13,6,8,9,7,0,0,0,0,0,3,3,3,1,2
1930764,11,16,16,14,27,9,16,0,0,0,0,0,1,3,9,28,4
1933912,0,0,0,0,0,0,0,0,0,0,0,0,0,0,0,0,1
1935379,0,0,0,0,0,0,0,0,0,0,0,0,0,1,0,0,1
1938606,0,1,0,0,0,0,0,0,0,0,0,0,0,4,0,1176,0
1940319,0,0,0,0,0,0,0,0,0,0,0,0,6,8,8,2,0
1940610,1,0,0,0,0,0,0,0,0,0,0,0,0,1,0,0,1
1941347,0,0,0,0,0,0,0,0,0,0,0,0,0,0,1,0,0
1943633,0,0,0,0,0,0,0,0,0,0,0,0,0,1,0,0,0
1945662,1,0,0,0,0,0,0,1,0,0,0,0,0,645,0,1,0
1955013,3,4,2,0,0,0,0,0,0,0,0,0,3,7,15,11,2
1961362,0,0,0,0,0,0,0,0,0,0,0,0,0,1,0,0,0
1963025,2,1,1,3,6,1,0,0,0,0,0,0,0,0,0,1,0
1963026,1,0,1,2,0,1,1,0,0,0,0,0,0,0,1,0,0
1983719,0,0,1,0,1,0,1,0,0,0,0,0,0,0,0,0,0
1990687,0,0,0,0,0,0,0,0,0,0,0,0,1,0,0,0,0
2003188,0,0,0,0,1,1,0,0,0,0,0,0,0,0,184,0,0
2005046,6553,2,0,0,0,0,0,0,0,0,0,0,0,1,0,1,1
2006115,0,0,0,0,0,0,0,0,0,0,0,0,0,1,0,0,0
2010972,0,0,0,0,0,0,0,0,0,0,0,0,0,1,0,0,0
2015348,0,0,0,0,0,0,1,0,0,0,0,1,170,18,61,63,10
2017483,1,0,0,0,0,0,1,0,0,0,0,0,1,0,0,0,0
2017484,0,0,0,0,0,0,0,0,0,0,0,0,0,0,2,0,0
2018052,0,0,0,0,0,0,0,1,0,0,0,0,0,0,1,0,0
2021234,1,0,0,0,0,0,0,0,0,0,0,0,0,0,0,0,0
2021971,1,5,1,0,6,0,2,1,0,0,0,4,2371,3722,6802,3349,1
2025492,1,1,1,0,0,0,0,0,0,0,0,0,0,3,9,2,1
2025876,0,0,0,0,0,0,0,0,0,0,0,0,1,0,1,132,0
2026186,8,9,33,14,31,9,18,0,0,0,0,0,1,6,7,3,4
2026188,6,18,19,8,28,17,9,0,0,0,0,0,2,1,0,5,3
2026191,2,10,10,13,30,7,13,0,0,0,0,0,5,3,4,3,5
2026194,0,0,0,0,0,0,0,0,0,0,0,0,0,0,0,0,1
2028345,1,0,1,0,0,0,1,0,0,0,0,0,0,0,0,0,0
2029117,2,0,0,0,0,0,0,0,0,0,0,0,0,0,0,0,0
2038343,0,0,0,0,0,0,0,0,0,0,0,0,0,0,0,7,0
2038737,0,0,0,0,0,0,0,0,0,0,0,0,0,1,0,0,0
2044912,1,0,1,0,0,0,0,0,0,0,0,0,0,5,1,4,0
2045208,0,0,0,0,0,0,0,0,0,0,0,0,0,0,0,2,0
2045451,13,1,0,0,0,0,0,0,0,0,0,0,0,0,0,0,0
2048654,0,2,3,5,7,2,5,0,0,0,0,0,0,0,1,2,2
2049935,0,1,0,1,0,1,0,0,0,0,0,0,0,2,0,0,0
2053930,0,0,0,0,0,0,0,0,0,0,0,0,1,0,0,0,0
2055889,0,0,0,0,0,0,0,0,0,0,0,0,0,2,0,0,1
2057246,1,2,0,0,0,20,0,0,0,0,0,0,0,2,0,0,0
2058136,3,5,6,4,3,2,2,0,0,0,0,0,1,0,2,3,2
2058624,5,0,0,0,0,0,1,0,0,0,0,0,3,7,2,0,1
2058625,3,1,0,0,0,0,0,0,0,0,0,0,1,0,1,0,0
2069367,305,26,2229,0,1,0,41,0,0,0,0,0,87,0,0,0,0
2070463,0,1,0,0,1,0,0,0,0,0,0,0,0,1,0,1,0
2071607,0,0,0,0,0,0,0,0,0,0,0,0,0,0,0,1,0
2072025,0,0,1,0,0,0,0,0,0,0,0,0,0,0,0,0,0
2079535,0,1,0,0,0,0,0,0,0,0,0,0,0,3,0,0,0
2082387,0,0,0,0,0,0,0,0,0,0,0,0,0,0,2,0,0
2086585,0,0,1,0,0,1,0,0,0,0,0,0,0,2,1,0,0
2093834,0,1,0,1,4,0,0,0,0,0,0,0,0,0,0,1,1
2094020,0,6,4,0,8,0,0,0,0,0,0,0,0,0,1,1,0
2094151,0,0,0,0,0,0,0,0,0,0,0,0,0,0,311,292,0
2099788,0,0,0,0,0,0,0,0,0,0,0,0,0,1,0,0,0
2109913,0,0,0,0,1,0,0,0,0,0,0,0,0,0,1,0,0
2109914,5,0,0,0,0,0,0,0,0,0,0,0,3,3,2,0,0
2109915,13,1,0,0,0,2,1,0,0,0,0,0,10,3,12,6,2
2126319,22,0,0,0,0,0,0,0,0,0,0,0,16,9,19,7,5
2162713,0,0,0,0,0,0,0,0,0,0,0,0,0,5,0,0,0
2163011,0,0,1,0,0,0,0,0,0,0,0,0,0,0,0,0,0
2169540,3,3,25,8,28,7,49,0,0,0,0,0,4,2,7,5,4
2170745,0,0,0,0,0,0,1,0,0,0,0,0,0,1,0,0,1
2171755,0,0,0,0,0,0,0,0,0,0,0,0,0,1,0,0,0
2182384,0,0,0,0,0,0,0,0,0,0,0,0,0,1,0,0,0
2183582,0,0,0,0,0,0,0,0,0,0,0,0,0,1,0,0,0
2201350,0,2,0,0,0,0,1,1,0,0,0,1,0,1349,0,0,2
2201999,0,0,1,0,0,0,0,0,0,0,0,0,0,0,0,0,0
2202825,0,0,0,0,0,0,0,0,0,0,0,0,0,0,2,0,0
2202826,0,0,0,0,0,0,0,0,0,0,0,0,0,0,1,0,0
2211211,0,0,0,0,0,0,0,0,0,0,0,0,0,0,1,0,0
2211212,0,0,0,0,0,0,0,0,0,0,0,0,0,1,0,0,0
2213194,0,0,0,0,0,0,1,0,0,0,0,0,18,0,0,0,0
2213202,1,3,1,2,0,0,1,0,0,0,0,0,0,1,0,2,1
2217913,0,0,0,0,0,0,0,0,0,0,0,0,10,1,6,5,3
2219224,0,0,0,0,0,0,0,0,0,0,0,0,0,0,0,13,0
2219696,0,0,0,0,0,0,0,0,0,0,0,0,0,0,0,3,0
2233542,4,5,7,7,3,1,6,0,0,0,0,0,1,0,2,63,0
2233851,0,0,0,0,0,0,0,0,0,0,0,0,2,3,3,7,3
2259340,0,0,0,0,0,0,0,0,0,0,0,0,0,4,0,0,0
2267265,0,0,0,0,1,0,0,0,0,0,0,0,0,0,0,0,0
2268087,0,0,0,0,0,0,0,0,0,0,0,0,3,0,1,1,2
2269374,0,0,2,0,0,1,0,0,0,0,0,0,0,0,0,0,0
2282124,1,0,0,0,0,0,0,0,0,0,0,0,0,0,0,0,0
2282475,0,213,386,1,0,0,393,0,0,0,0,0,44,0,0,0,0
2283194,0,0,0,0,1,0,0,0,0,0,0,0,0,0,0,0,0
2303505,0,0,0,0,3,0,0,0,0,0,0,0,0,0,2,0,0
2303750,1,0,0,0,0,0,0,0,0,0,0,0,0,0,0,0,0
2305987,1,0,0,0,0,0,0,0,0,0,0,0,0,0,0,0,0
2320858,0,0,1,0,2,0,1,0,0,0,0,0,1,0,0,35,1
2320868,2158,5,0,182,1,811,0,1,0,0,0,0,0,3,80,0,1
2364787,70,0,0,0,0,0,0,0,0,0,0,0,0,0,10,2,0
2382163,0,0,0,0,0,0,0,0,0,0,0,0,14,30,37,22,0
2419841,0,0,0,1,0,0,0,0,0,0,0,0,0,0,0,0,0
2419842,0,0,0,0,1,0,1,0,0,0,0,0,0,0,0,0,0
2420310,0,0,0,0,0,0,0,0,0,0,0,0,0,0,1,0,0
2478662,0,0,0,0,0,0,0,0,0,0,0,0,1,0,1,0,0
2482763,0,2,0,0,1,0,1,0,0,0,0,0,0,0,0,0,0
2486273,0,0,0,0,0,0,1,0,0,0,0,0,0,0,0,0,0
2487072,0,0,0,0,0,0,0,0,0,0,0,0,0,1,0,1203,0
2487928,0,0,0,0,0,0,1,0,0,0,0,0,0,0,0,0,0
2488560,0,0,1,0,0,0,0,0,0,0,0,0,0,0,0,0,0
2490858,1,0,0,0,0,0,0,0,0,0,0,0,0,0,0,0,0
2496265,0,1,0,0,1,0,1,0,0,0,0,0,0,0,0,0,0
2496837,53,108,108,88,209,60,95,0,0,0,0,0,13,10,40,36,31
2497863,0,0,0,0,0,0,0,0,0,0,0,0,1,0,0,0,0
2499157,0,0,0,0,0,0,0,0,0,0,0,0,0,0,0,5,0
2499688,2,5,4,1,4,3,4,0,0,0,0,0,8,0,0,2,1
2500532,0,1,0,1,0,0,0,0,0,0,0,1,0,39,0,0,0
2507935,0,0,0,0,0,0,1,0,0,0,0,0,0,0,0,0,0
2509614,15,0,0,0,3,0,0,0,0,0,0,0,21,9,28,14,6
2527691,2,0,0,0,0,0,0,0,0,0,0,0,5,3,2,3,0
2559073,24,37,14,1,6,123,3,0,0,0,0,0,46,79,23,20,26
2560053,0,0,0,0,0,0,0,0,0,0,0,0,0,6,0,0,0
2561924,0,0,0,0,0,0,0,0,0,0,0,0,0,0,0,10,0
2562451,0,2,1,1,1,1,1,0,0,0,0,0,0,0,0,0,0
2562582,0,0,0,0,0,0,0,0,0,0,0,0,0,0,0,0,1
2565556,0,16,0,0,12,0,8,0,0,0,0,0,2,3,0,0,0
2565559,4,0,0,0,0,0,0,0,0,0,0,0,0,0,0,0,0
2566013,0,0,0,0,1,0,0,0,0,0,0,0,0,2,0,0,0
2567941,0,0,0,1,1,0,0,0,0,0,0,0,0,0,0,0,0
2571746,0,0,0,0,0,0,0,0,0,0,0,0,1,0,0,1,0
2571747,0,0,0,0,0,0,0,0,0,0,0,0,2,1,0,0,0
2571748,0,0,0,0,0,0,0,0,0,0,0,0,0,0,0,1,0
2571750,8,23,25,17,37,12,25,0,0,0,0,0,1,2,7,10,15
2583377,1,0,0,1,0,1,0,0,0,0,0,0,0,0,6,0,0
2583989,0,0,0,0,0,0,0,0,0,0,0,0,1,1,0,2,0
2584944,1,0,0,0,0,0,0,0,0,0,0,0,0,0,0,0,0
2585118,2,0,0,0,0,0,0,0,0,0,0,0,0,0,0,0,0
2585119,3688,0,0,0,0,0,0,1,1,0,0,0,1,0,14,10,0
2585771,0,0,0,0,0,0,0,0,0,0,0,0,0,6,0,0,0
2587842,0,0,0,0,0,0,0,0,0,0,0,0,0,1,0,0,0
2587858,0,0,0,0,0,0,0,0,0,0,0,0,0,1,0,0,0
2589076,0,1,0,0,0,0,0,0,0,0,0,0,0,17,0,0,0
2589818,0,0,0,0,0,0,0,0,0,0,0,0,0,0,0,1,0
2590012,0,0,2,1,2,0,1,0,0,0,0,0,0,0,0,0,0
2590869,0,0,0,0,0,0,0,0,0,0,0,0,0,317,0,4,0
2592382,1,0,0,0,0,0,0,0,0,0,0,0,0,0,0,0,0
2593652,281,579,670,434,933,256,439,0,0,0,0,0,97,93,219,174,118
2594883,22,38,55,25,55,19,31,0,0,0,0,0,20,3,9,20,16
2596913,0,0,0,0,0,0,0,0,0,0,0,0,0,8,0,1,0
2598457,0,0,0,0,0,0,0,0,0,0,0,0,1,0,0,3,0
2599297,0,0,0,0,0,0,0,0,0,0,0,0,0,0,0,1,0
2599307,2776,0,1,0,0,0,0,1,0,0,0,0,0,0,0,0,0
2599600,0,0,0,8,0,0,0,0,0,0,0,0,0,0,0,0,0
2604941,1,0,0,0,0,0,0,0,0,0,0,0,0,0,0,0,0
2606626,0,0,0,0,0,0,0,0,0,0,0,0,0,0,0,185,0
2608999,0,0,0,0,0,0,0,0,0,0,0,0,1,1,1,1,0
2610896,0,0,0,0,0,0,0,0,0,0,0,0,0,0,0,1,0
2613334,0,0,0,0,0,0,0,0,0,0,0,0,0,0,0,14,0
2651284,85,202,234,161,383,129,178,0,0,0,0,0,33,18,68,131,53
2653203,0,0,0,0,0,0,0,0,0,0,0,0,0,1,0,0,0
2653204,0,0,0,0,0,0,0,0,0,0,0,0,0,0,1,0,0
2654280,0,0,0,0,0,0,0,0,0,0,0,0,0,8,0,0,0
2654281,0,0,0,0,0,0,0,0,0,0,0,0,0,2,0,0,0
2662363,1,0,0,0,0,0,0,0,0,0,0,0,0,0,0,0,0
2663022,0,0,2,4,5,2,4,0,0,0,0,0,0,1,2,0,0
2664091,0,0,0,0,0,0,0,0,0,0,0,0,1,6,4,6,0
2665646,1,0,0,0,1,0,1,0,0,0,0,0,0,0,0,0,0
2672567,13,19,26,26,38,18,23,0,0,0,0,0,5,7,14,10,6
2681552,217,11,4,2,17,0,12,0,0,0,0,0,159,174,194,106,68
2682487,3,0,0,0,0,0,0,0,0,0,0,0,0,0,0,0,0
2682776,0,0,0,0,0,0,0,0,0,0,0,0,0,0,7,0,0
2684405,0,0,0,0,0,0,0,0,0,0,0,0,1,1,0,0,0
2686210,0,0,0,0,0,0,0,0,0,0,0,0,0,0,0,1,1
2691571,2,0,0,0,0,0,0,0,0,0,0,0,0,0,0,0,0
2692330,0,0,0,0,0,0,0,0,0,0,0,0,0,2,0,0,0
2692425,3,5,6,2,11,5,2,0,0,0,0,0,0,1,4,1,1
2697032,3,0,0,0,0,0,0,0,0,0,0,0,4,1,2,1,0
2698673,0,0,0,0,0,0,0,0,0,0,0,0,0,2,0,0,0
2698679,0,0,0,0,0,0,0,0,0,0,0,0,0,0,0,27,0
2698682,1,0,0,0,0,0,0,0,0,0,0,0,0,0,0,0,0
2698828,0,0,0,0,0,0,1,0,0,0,0,0,0,0,0,1,0
2700081,1,0,1,1,2,0,0,0,0,0,0,0,0,0,0,1,0
2708348,0,0,0,0,0,0,0,0,0,0,0,0,0,1,0,0,0
2708352,0,0,0,0,0,3,0,0,0,0,0,0,0,0,0,0,0
2709392,0,1,0,0,0,0,0,0,0,0,0,0,0,1,0,0,0
2709784,2,7,6,5,11,2,3,0,0,0,0,0,1,0,4,7,1
2714924,1,0,0,0,0,0,1,0,0,0,0,0,1,1,0,0,0
2714925,1,0,0,0,0,0,0,0,0,0,0,0,0,0,0,0,0
2714937,0,0,0,0,0,0,0,0,0,0,0,0,0,2,0,0,0
2714938,0,0,0,0,0,0,0,0,0,0,0,0,0,0,0,3,0
2714942,0,0,0,0,0,0,0,0,0,0,0,0,0,0,0,1,0
2714947,0,0,0,0,0,1,0,0,0,0,0,0,0,0,0,0,0
2722820,0,0,0,0,0,0,0,0,0,0,0,0,0,1,0,0,0
2725666,0,0,0,0,1,0,0,0,0,0,0,0,0,0,1484,0,0
2725684,0,0,0,0,0,0,0,0,0,0,0,0,0,4,0,0,0
2726954,868,2,0,63,0,206,0,1,0,0,0,0,0,0,59,1,0
2728853,1,3,1,0,0,0,0,0,0,0,0,0,0,0,0,0,0
2729421,762,1429,2184,1217,2648,1039,1400,0,0,0,0,0,308,268,549,490,455
2732067,0,0,0,0,0,0,0,0,0,0,0,0,0,0,0,15,0
2732487,0,0,0,0,0,0,0,0,0,0,0,0,0,0,0,1,0
2732864,0,0,0,0,0,0,0,0,0,0,0,0,0,24,0,0,0
2735134,0,0,0,0,0,0,0,0,0,0,0,0,0,0,0,1,0
2735723,5,14,23,19,20,5,13,0,0,0,0,0,0,3,3,4,4
2735868,0,0,0,1,0,0,0,0,0,0,0,0,0,0,0,0,0
2741720,0,0,0,0,0,0,0,0,0,0,0,0,0,1,1,1,0
2742129,0,11,0,0,0,0,0,0,0,0,0,0,0,0,0,0,0
2743470,3,0,1,0,0,3,1,0,0,0,0,0,5,3,6,4,8
2743575,0,0,0,0,0,0,0,0,0,0,0,0,0,3,0,0,0
2744518,1,0,0,0,0,0,0,0,0,0,0,0,0,0,0,0,0
2744522,0,0,0,0,1,0,0,0,0,0,0,0,0,13,0,0,0
2745198,1,1,1,1,1,0,2,0,0,0,0,0,0,0,0,1,0
2748629,0,0,0,1,1,0,61,0,0,0,0,0,0,0,0,0,0
2750995,0,0,0,0,0,0,0,0,0,0,0,0,0,0,0,1,0
2751153,0,0,0,0,0,0,0,0,0,0,0,0,0,0,8,0,0
2751478,0,0,0,0,0,0,0,0,0,0,0,0,0,6,0,3,0
2752316,7,1,1,0,1,0,0,0,0,0,0,0,6,1,7,7,1
2754056,0,0,0,0,0,0,0,0,0,0,0,0,3,0,0,0,0
2760307,0,0,0,0,0,0,0,0,0,0,0,0,0,33,0,0,0
2762322,2,0,0,0,0,0,0,0,0,0,0,0,2,3,1,1,0
2762323,3,0,0,0,0,0,1,1,0,0,0,0,2,3,3,2,1
2762563,3,0,4,0,3,1,1,0,0,0,0,0,1,1,2,2,1
2763010,0,4583,0,0,0,0,0,0,0,0,0,0,0,0,0,0,0
2763670,0,0,0,0,0,0,0,0,0,0,0,0,0,0,0,1,0
2764186,0,0,0,0,0,0,0,0,0,0,0,0,0,0,0,17,0
2764705,0,0,0,0,0,0,0,0,0,0,0,0,0,0,0,10,0
2770322,4,5,0,0,0,0,0,0,0,0,0,0,0,0,0,0,0
2774189,0,0,0,0,0,0,0,0,0,0,0,0,0,0,0,3,1
2774875,1,0,0,1,0,0,1,1,0,0,0,0,1,0,1,0,0
2775159,0,0,0,0,0,0,0,0,0,0,0,0,1,0,0,0,0
2775920,0,229,0,0,0,0,0,0,0,0,0,0,0,0,0,0,0
2777185,0,1,0,0,0,0,3,0,0,0,0,0,0,0,0,0,0
2778370,0,0,0,0,1,0,0,0,0,0,0,0,0,0,0,0,0
2779518,0,0,0,0,0,0,0,0,0,0,0,0,0,0,0,1,0
2779519,0,0,0,0,0,0,0,0,0,0,0,0,0,0,207,0,0
2781599,0,0,0,0,0,0,0,0,0,0,0,0,0,7,6,2,1
2781774,0,0,1,0,0,0,0,0,0,0,0,0,0,0,1,0,1
2782176,2,2,9,0,0,0,11,0,0,0,0,0,1,0,0,0,0
2782654,0,0,0,0,0,0,0,0,0,0,0,0,0,0,1,0,1
2782665,0,0,0,0,0,0,2,0,0,0,0,0,0,0,0,0,0
2782674,0,0,0,0,0,0,0,0,0,0,0,0,1,0,0,0,1
2785056,0,0,0,0,0,0,0,0,0,0,0,0,0,0,0,0,1
2785627,0,0,0,0,0,0,0,0,0,0,0,0,1,0,0,0,0
2789208,1,1,4,0,4,0,3,0,0,0,0,0,0,0,1,0,1
2795687,0,0,0,0,1,0,0,0,0,0,0,0,0,0,0,0,0
2796366,0,0,0,0,0,0,0,0,0,0,0,0,1,0,1,0,0
2798804,6,1,0,0,0,0,0,0,0,0,0,0,2,1,8,2,3
2799326,0,1,0,0,0,0,0,0,0,0,0,0,0,0,0,0,0
2799680,1,1,1,0,0,0,0,0,0,0,0,0,0,2,10,4,0
2799681,1,5,0,0,0,0,0,0,0,0,0,0,0,2,1,1,1
2800128,0,3,3,2,6,0,3,0,0,0,0,0,0,0,2,2,0
2804917,0,0,0,0,0,0,0,0,0,0,0,0,0,0,0,1,0
2806347,13,1,0,0,1,0,1,0,0,0,0,0,11,5,21,7,3
2806443,0,0,1,0,0,0,1,0,0,0,0,0,0,0,0,0,0
2806989,0,0,1,0,1,0,1,0,0,0,0,0,0,0,1,0,1
2807624,0,1,2,0,0,0,0,0,0,0,0,0,0,2,0,8,0
2807625,0,0,0,0,0,0,0,0,0,0,0,0,0,0,0,2,0
2810514,6502,17418,23975,18678,39305,11617,17607,42,0,0,0,30,3975,3221,7657,6511,4523
2811425,3,2,0,0,0,0,0,0,0,0,0,0,12,4,13,7,3
2812658,0,0,0,0,0,0,0,0,0,0,0,0,0,19,0,0,0
2813727,0,0,0,0,1,0,0,0,0,0,0,0,0,0,0,0,0
2813777,0,3,1,0,0,0,0,0,0,0,0,0,0,1,0,0,0
2816950,5,0,0,0,0,0,0,0,0,0,0,0,1,0,1,0,0
2818390,0,1,1,0,1,1,3,0,0,0,0,0,0,0,3,11,2
2819348,0,0,0,0,0,0,0,0,0,0,0,0,1,0,0,0,0
2821409,2,0,3,1,0,1,2,0,0,0,0,0,0,0,0,1,0
2822760,2,2,0,0,0,1,0,0,0,0,0,0,7,1,3,1,0
2823693,0,0,0,0,0,0,0,0,0,0,0,0,0,9,0,0,0
2829816,0,0,0,1,2,0,0,0,0,0,0,0,0,1,0,1,0
2830667,0,1,0,0,0,0,0,0,0,0,0,0,1,1,0,0,0
2831148,0,0,1,1,1,0,0,0,0,0,0,0,0,0,0,0,0
2831519,0,0,0,0,0,0,0,0,0,0,0,0,0,0,0,1,0
2831673,0,0,1,0,0,0,0,0,0,0,0,0,0,0,0,0,0
2831780,0,0,0,0,0,0,0,0,0,0,0,0,1,0,0,0,0
2834768,1,0,0,0,0,0,0,0,0,0,0,0,0,0,0,0,2
2835787,0,0,0,0,0,0,0,0,0,0,0,0,0,0,0,1,0
2836364,1,3,3,0,0,0,0,0,0,0,0,0,0,0,1,0,1
2836365,0,0,2,0,0,0,0,0,0,0,0,0,0,0,0,1,0
2836366,2,4,4,0,0,0,0,0,0,0,0,0,1,6,0,2,1
2836367,3,6,5,0,0,0,0,0,0,0,0,0,2,7,0,2,0
2836369,1,1,6,0,0,0,0,0,0,0,0,0,0,2,0,1,0
2842456,0,0,0,0,0,0,0,0,0,0,0,0,20,17,28,50,5
2844358,1,4,10,2,7,4,2,0,0,0,0,0,1,0,0,1,1
2850441,2,3,2,1,2,1,0,0,0,0,0,0,1,0,1,1,0
2851015,0,1,0,0,0,0,0,0,0,0,0,0,0,0,0,0,0
2854036,0,0,0,0,0,0,0,0,0,0,0,0,0,1,1,0,1
2854389,2,2,9,0,4,0,0,0,0,0,0,0,3085,1938,1564,4282,3568
2859227,2,7,7,6,10,4,3,0,0,0,0,0,0,0,3,2,0
2860396,42,122,188,101,265,105,177,0,0,0,0,1,37,19,68,43,59
2861284,0,0,0,0,0,0,0,0,0,0,0,0,0,239,0,0,0
2861285,0,0,0,0,0,0,1,1,0,0,0,0,0,0,0,0,19
2866195,0,0,0,0,0,0,2,0,0,0,0,0,0,1,0,0,0
2867012,0,0,0,0,0,0,0,0,0,0,0,0,0,1,0,0,0
2871169,0,1,0,0,0,0,0,0,0,0,0,0,0,0,0,0,0
2874282,0,1,1,0,3,0,1,0,0,0,0,0,0,0,0,0,0
2874284,0,0,0,0,1,0,0,0,0,0,0,0,0,0,0,0,0
2874628,0,0,0,0,0,0,0,0,0,0,0,0,0,0,1,0,0
2875764,0,3,5,2,10,1,3,0,0,0,0,0,0,0,1,1,0
2877940,0,0,0,0,0,0,0,0,0,0,0,0,0,0,1,0,0
2878915,0,0,0,0,1,0,0,0,0,0,0,0,0,0,0,0,0
2880221,3,12,7,2,10,0,1,0,0,0,0,0,1,1,2,0,0
2880988,0,0,0,0,0,0,0,0,0,0,0,0,0,1,1,1,0
2880989,0,0,0,0,0,0,0,0,0,0,0,0,7,7,4,7,0
2881234,0,0,0,0,0,0,0,0,0,0,0,0,0,1,0,0,0
2884834,5,23,24,13,25,7,19,0,0,0,0,0,4,7,7,5,0
2885764,3,3,4,6,10,2,2,0,0,0,0,0,1,0,0,1,1
2886044,239,1,0,1,0,0,0,1,0,0,0,0,1,41,33,73,80
2886359,2,0,0,0,0,0,0,0,0,0,0,0,0,0,0,0,0
2888526,0,0,1,0,0,0,0,0,0,0,0,0,0,0,0,0,0
2890321,0,0,0,0,0,0,0,0,0,0,0,0,0,14,0,0,0
2892440,1,2,1,0,1,2,1,0,0,0,0,0,0,6,0,5,3
2894156,0,1,0,0,0,0,0,0,0,0,0,0,0,0,419,0,0
2895522,21,34,49,36,76,20,35,0,0,0,0,0,7,11,20,10,14
2896849,0,0,0,0,1,0,0,0,0,0,0,0,0,3,0,0,0
2897333,2,15,0,1,2,2,4,0,0,0,0,0,0,0,0,0,0
2897334,0,0,0,0,0,0,0,0,0,0,0,0,0,0,3,0,0
2897335,0,0,0,0,0,0,0,0,0,0,0,0,1,1,0,1,0
2898149,0,0,0,0,0,0,0,0,0,0,0,0,18,3,5,22,17
2899123,0,1,0,0,0,0,0,0,0,0,0,0,0,0,0,1350,0
2901381,4,4,11,11,19,4,14,0,0,0,0,0,2,2,3,1,2
2901836,0,0,1,0,0,0,0,0,0,0,0,0,1,0,0,0,0
2903960,0,0,0,0,0,0,0,0,0,0,0,0,0,1,0,8,0
2908211,0,0,0,0,1,0,0,0,0,0,0,0,0,0,0,0,0
2908840,0,0,0,1,2,1,0,0,0,0,0,0,0,0,0,1,0
2911514,4,9,15,10,8,4,8,0,0,0,0,0,168,1,0,2,3
2912187,2,7,8,4,18,7,16,0,0,0,0,0,0,1,4,6,5
2912228,0,0,0,0,0,0,0,0,0,0,0,0,0,1,1,0,0
2912824,2,0,3,2,1,1,2,0,0,0,0,0,2,0,0,0,0
2916802,1,0,0,0,0,0,0,0,0,0,0,0,0,0,0,0,0
2921364,0,0,0,1,0,0,0,0,0,0,0,0,0,0,0,0,0
2921401,0,0,0,0,0,0,0,0,0,0,0,0,0,0,0,7,0
2921432,101,205,267,201,361,155,185,0,0,0,0,0,32,136,84,70,66
2921447,0,1,0,0,0,0,0,0,0,0,0,0,0,0,0,0,0
2921503,1,0,0,1,0,0,0,0,0,0,0,0,0,0,1,0,0
2921510,0,2,3,0,4,0,1,0,0,0,0,0,0,0,0,0,0
2921549,0,0,0,0,0,0,5,0,0,0,0,0,0,0,0,0,0
2921555,30,59,61,47,89,34,45,0,0,0,0,0,8,8,18,22,12
2921556,0,1,1,2,0,0,0,0,0,0,0,0,0,0,0,0,0
2921573,0,0,0,0,0,1,0,0,0,0,0,0,0,0,0,0,0
2921616,0,0,0,0,0,0,0,0,0,0,0,0,1142,0,0,0,0
2921639,0,0,0,0,1,0,0,0,0,0,0,0,0,0,0,0,0
2921641,0,0,0,1,0,0,0,0,0,0,0,0,0,0,0,0,0
2921652,0,0,0,0,0,1,0,0,0,0,0,0,0,0,0,0,0
2921670,0,0,0,0,2,0,0,0,0,0,0,0,0,0,0,0,0
2921698,0,3,3,0,4,0,2,0,0,0,0,0,0,0,3,1,0
2921699,0,0,0,0,0,1,0,0,0,0,0,0,0,0,0,0,0
2921704,66,128,169,140,227,84,112,0,0,0,0,0,28,21,52,62,29
2921713,0,0,0,0,1,0,1,0,0,0,0,0,0,0,0,0,1
2924031,0,0,0,0,1,0,0,0,0,0,0,0,0,0,0,0,0
2924032,157,420,498,307,586,240,284,1,0,0,0,0,64,48,194,115,233
2924033,1,2,0,1,0,2,0,0,0,0,0,0,0,1,0,0,0
2924034,0,1,4,0,4,0,1,0,0,0,0,0,0,0,0,0,1
2925830,0,0,1,1,0,0,0,0,0,0,0,0,0,0,0,0,0
2925837,0,0,0,0,0,0,0,0,0,0,0,0,0,1,0,0,0
2925838,0,1,0,1,0,0,0,0,0,0,0,0,1,0,0,0,0
2925842,1,0,0,0,0,0,0,0,0,0,0,0,0,0,0,0,0
2926399,3,4,4,5,9,6,4,0,0,0,0,0,0,1,2,2,1
2929481,0,1,0,0,0,0,0,0,0,0,0,0,0,0,0,0,1
2930131,6,13,5,0,0,0,0,0,0,0,0,0,1,5,1,0,0
2931921,0,1,0,0,0,0,0,0,0,0,0,0,0,0,0,0,0
2931922,1,2,1,1,1,0,0,0,0,0,0,1,1,0,0,6903,0
2932255,1,0,2,2,0,0,2,0,0,0,0,0,0,0,1,0,1
2932256,0,0,0,0,0,0,0,0,0,0,0,0,0,0,0,0,1
2932258,0,1,0,0,4,1,0,0,0,0,0,0,0,0,0,1,0
2933872,0,0,0,0,1,0,2,0,0,0,0,0,0,0,0,0,1
2939415,3,0,0,0,0,0,0,0,0,0,0,0,0,0,0,0,0
2940300,0,0,0,0,1,0,0,0,0,0,0,0,0,0,0,0,0
2940301,0,0,1,0,0,0,0,0,0,0,0,0,0,0,0,0,0
2940492,0,0,0,0,0,0,0,0,0,0,0,0,0,0,0,1,0
2945101,0,0,0,0,0,0,0,0,0,0,0,0,0,1,0,0,0
2946593,0,0,0,0,0,0,0,0,0,0,0,0,1,0,0,0,0
2949090,1,1,0,0,0,1,0,0,0,0,0,0,0,0,0,0,2
2949093,0,0,0,0,1,0,0,0,0,0,0,0,0,0,0,11,0
2952477,0,0,0,0,0,0,0,0,0,0,0,0,0,0,0,1,0
2954511,0,0,0,0,1,1,0,0,0,0,0,0,0,1,1,1,0
2954513,0,0,0,0,0,0,0,0,0,0,0,0,0,4,1,3,0
2954546,2,0,0,0,0,0,0,0,0,0,0,0,0,0,0,0,0
2954547,0,0,0,0,0,0,0,0,0,0,0,0,1,0,0,0,0
2954593,6,23,19,12,39,14,18,0,0,0,0,0,2,5,5,9,6
2954607,14,39,30,31,54,11,19,0,0,0,0,0,4278,1640,8,10,5
2954611,2,8,5,11,11,1,3,0,0,0,0,0,1,0,2,3,1
2954613,157,442,367,465,1029,201,359,0,0,0,0,0,76,48,144,99,105
2954614,0,0,2,1,5,1,4,0,0,0,0,0,0,0,1,1,0
2954655,0,1,1,0,1,0,0,0,0,0,0,0,0,0,1,2,0
2954672,0,0,0,0,0,0,2,0,0,0,0,0,0,1,0,0,0
2954681,414,748,1006,767,1465,554,658,3,0,0,0,0,143,463,263,247,200
2954684,4,13,15,13,26,5,14,1,0,0,0,0,3,2,1,10,5
2954699,12,20,18,23,33,17,10,0,0,0,0,0,1,11,9,3,7
2954706,0,7,7,8,12,6,3,0,0,0,0,0,2,1,2,0,2
2962858,2,4,5,6,5,7,10,0,0,0,0,0,0,1,1,0,0
2963365,8,18,17,21,30,5,16,0,0,0,0,0,3,2,11,2,5
2963940,0,0,0,0,1,0,0,0,0,0,0,0,0,0,0,0,0
2966586,26,44,59,41,81,29,44,0,0,0,0,0,13,12,20,20,14
2968057,0,0,0,0,0,0,0,0,0,0,0,0,0,0,0,8,0
2968499,0,0,0,0,0,0,0,0,0,0,0,0,0,0,0,1,0
2968831,0,0,0,0,0,0,0,0,0,0,0,0,0,0,0,21,0
2969821,0,0,0,0,0,0,0,0,0,0,0,0,0,0,0,0,1
2970925,0,0,0,0,0,0,0,0,0,0,0,0,0,0,0,1,0
2972784,0,0,0,0,0,0,0,0,0,0,0,0,0,0,0,0,1
2975324,0,0,0,0,0,0,0,0,0,0,0,0,0,1,5,13,8
2976533,0,1,0,0,1,0,0,0,0,0,0,0,1,0,0,0,0
2976809,0,0,0,0,1,0,0,0,0,0,0,0,0,0,0,0,0
2976810,0,0,0,0,0,0,1,0,0,0,0,0,0,0,0,0,0
2976812,0,1,3,0,1,1,0,0,0,0,0,0,0,2,0,0,1
2979321,1,0,0,0,0,0,0,0,0,0,0,0,0,0,0,0,0
2979868,0,1,1,0,0,0,0,0,0,0,0,0,0,0,0,0,0
2980026,14163,51557,37677,64965,53679,19610,75135,48,0,0,0,29,12509,5553,18425,11925,13745
2980027,600,1364,1678,1631,2539,781,1441,2,0,0,0,0,307,194,594,523,407
2984843,0,1,0,0,2,0,0,0,0,0,0,0,0,0,2018,0,0
2984845,0,0,0,1,0,0,0,0,0,0,0,0,0,0,0,0,0
2985511,0,0,0,0,0,0,0,0,0,0,0,0,0,1,0,0,0
2986280,2,1,0,0,0,0,0,0,0,0,0,0,3,2,0,0,2
2986281,2,0,0,0,1,0,0,0,0,0,0,0,1,0,1,1,1
2986424,11,0,0,0,0,0,0,0,0,0,0,0,0,2,5,2,9
2987751,0,0,0,0,0,0,0,0,0,0,0,0,0,0,0,7,0
2989766,0,0,1,0,0,0,0,0,0,0,0,0,0,0,1,0,0
2989768,0,0,2,0,0,0,0,0,0,0,0,0,0,2,1,0,1
2989769,1,1,0,0,0,0,0,0,0,0,0,0,0,0,0,1,0
2989770,0,0,2,0,0,0,0,0,0,0,0,0,0,2,0,1,0
2989771,0,1,0,0,0,1,0,0,0,0,0,0,0,2,0,0,0
2989772,0,2,1,0,0,0,0,0,0,0,0,0,1,9,1,1,1
2991053,0,3,2,2,0,0,3,0,0,0,0,0,0,1,1,1,0
2991418,11,28,66,35,59,21,38,0,0,0,0,0,5,5,10,30,4
2992140,0,0,0,0,0,0,0,0,0,0,0,0,0,0,2,3,2
2993456,0,0,0,0,1,0,0,0,0,0,0,0,0,0,1,0,0
2996034,0,0,2,0,1,0,0,0,0,0,0,0,0,2,0,0,0
2998077,0,0,2,0,0,0,0,0,0,0,0,0,0,0,0,0,0
3003229,0,0,1,0,1,1,0,0,0,0,0,0,0,0,0,0,0
3004096,0,2,1,1,0,0,0,0,0,0,0,0,0,0,0,0,0
3012344,0,0,0,0,0,0,0,0,0,0,0,0,0,1,0,0,0
3014784,0,0,0,0,0,0,0,0,0,0,0,0,0,2,0,9,0
3015177,0,0,0,0,0,0,0,0,0,0,0,0,0,1,0,0,0
3015994,0,0,0,0,0,0,0,0,0,0,0,0,0,0,122,0,0
3015996,0,0,0,0,0,0,0,0,0,0,0,0,0,2,0,0,0
3015997,0,0,0,0,0,0,0,0,0,0,0,0,0,1,0,1,0
3016000,0,0,0,0,0,0,0,0,0,0,0,0,0,3,0,0,0
3016342,14,28,13,13,13,9900,7,2,0,0,0,6,25,19,11,256,10
3017784,0,0,0,0,0,0,0,0,0,0,0,0,0,1,0,0,0
3018446,0,0,0,0,0,0,0,0,0,0,0,0,0,0,0,2,0
3019553,0,0,0,0,0,0,0,0,0,0,0,0,1,0,1,1,1
3020056,6,23,26,12,37,11,13,0,0,0,0,0,3,1,5,7,7
3020908,0,3,2,0,0,0,0,0,0,0,0,0,0,2,3,2,0
3022697,27,80,110,92,107,44,71,1,0,0,0,0,16,9,27,17,15
3028082,0,0,0,0,0,0,0,0,0,0,0,0,0,0,0,1,0
3028083,0,1,0,0,0,0,0,0,0,0,0,0,1,2,2,3,2
3028315,0,0,2,1,0,0,1,0,0,0,0,0,1,0,0,0,0
3028735,1,0,0,0,0,0,0,0,0,0,0,0,0,0,0,0,0
3030011,0,0,0,0,0,0,0,0,0,0,0,0,0,1,0,0,0
3034233,2,0,0,0,0,0,0,0,0,0,0,0,3,0,13,19,0
3035514,0,0,0,1,0,0,0,0,0,0,0,0,0,0,0,0,0
3036128,2,0,0,0,1,0,0,0,0,0,0,0,4,0,0,1,1
3036945,0,0,0,0,0,1,0,0,0,0,0,0,0,0,0,0,0
3037696,0,0,0,0,0,0,0,0,0,0,0,0,5,2,5,4,0
3038653,0,0,0,0,1,0,0,0,0,0,0,0,0,0,0,0,0
3039153,0,1,0,0,0,0,0,0,0,0,0,0,9,5,4,19,12
3039154,0,0,0,0,0,0,0,0,0,0,0,0,1,1,0,0,3
3039386,0,0,0,0,0,0,0,0,0,0,0,0,0,0,0,1,0
3039426,0,0,1,1,0,0,0,0,0,0,0,0,0,1,0,0,0
3042152,0,0,0,0,0,0,0,0,0,0,0,0,0,0,0,1,0
3047478,2,3,12,0,0,0,6,0,0,0,0,0,1,0,0,0,0
3047871,2,3,5,6,10,3,6,0,0,0,0,0,3,0,2,0,3
3047873,0,7,6,6,11,1,8,0,0,0,0,0,2,1,4,3,2
3047874,21,48,46,76,70,19,133,0,0,0,0,0,16,15,21,8,8
3047875,0,3,2,0,1,2,1,0,0,0,0,0,0,0,0,1,0
3048535,0,1,0,0,0,0,0,0,0,0,0,0,0,0,0,0,0
3048606,0,0,0,0,0,0,0,0,0,0,0,0,0,0,0,1,0
3048609,1,0,0,0,0,0,0,0,0,0,0,0,0,0,0,0,0
3049772,0,0,0,0,0,0,0,0,0,0,0,0,0,1,0,0,0
3050112,5,13,8,22,7,5,17,0,0,0,0,0,1,3,5,1,5
3051115,5,0,0,0,0,0,0,0,0,0,0,0,0,0,0,0,0
3051120,1,0,0,0,0,0,0,0,0,0,0,0,0,0,0,0,0
3051122,24,0,0,0,0,0,0,0,0,0,0,0,0,0,0,0,0
3051183,0,1,0,0,0,0,0,0,0,0,0,0,1,6,3,7,1
3051614,1,1,5,1,9,0,3,0,0,0,0,0,1,1,0,2,0
3052086,0,0,0,0,1,9,0,0,0,0,0,0,0,1,0,1,0
3054939,90,143,184,152,267,86,144,1,0,0,0,0,41,17,64,53,46
3055079,4,0,0,0,0,0,0,0,0,0,0,0,0,0,0,0,0
3055080,2,32,0,0,0,0,0,1,0,0,0,0,0,0,0,0,0
3056444,4,10,19,9,30,5,13,0,0,0,0,0,0,3,9,7,2
3056445,0,0,0,0,0,0,0,0,0,0,0,0,0,0,0,1,0
3056648,0,0,0,0,0,0,1,0,0,0,0,0,0,1,0,0,0
3058393,0,0,0,1,0,0,0,0,0,0,0,0,0,0,0,0,0
3058394,0,0,0,0,0,0,1,0,0,0,0,0,0,0,0,0,0
3058398,0,1,2,0,0,0,0,0,0,0,0,0,0,1,0,1,0
3058432,0,0,0,0,0,1,0,0,0,0,0,0,0,0,0,0,0
3062169,0,0,0,0,0,0,0,0,0,0,0,0,0,0,0,1,0
3064278,0,0,0,0,0,0,0,0,0,0,0,0,0,0,0,1,0
3064705,1,0,0,0,0,0,0,0,0,0,0,0,0,0,0,0,0
3065910,0,0,0,1,0,0,0,0,0,0,0,0,0,13,0,5,0
3068341,120,9,0,2,5,0,0,0,0,0,0,0,122,36,117,77,43
3070676,0,1,0,0,0,0,1,0,0,0,0,0,0,1,0,35,1
3070677,15,30,43,29,88,16,22,0,0,0,0,0,7,6,13,14,8
3070678,21,33,35,34,49,24,48,1,0,0,0,0,7,4,18,12,8
3070679,412,1039,1486,1107,1820,604,680,1,0,0,0,4,130,201,416,385,222
3070680,0,0,1,0,1,0,1,0,0,0,0,0,0,0,0,0,0
3070681,0,0,0,2,0,0,0,0,0,0,0,0,0,0,0,0,0
3070682,0,2,0,0,0,0,0,0,0,0,0,0,2,0,0,1,0
3070683,0,2,3,0,3,1,2,0,0,0,0,0,2,0,0,15,1
3070995,1,0,0,0,0,0,0,0,0,0,0,0,0,0,0,10,0
3071408,0,1,0,0,0,0,0,0,0,0,0,0,0,0,0,0,0
3073816,0,1,2,2,6,0,1,0,0,0,0,0,0,0,1,0,1
3077584,0,0,0,0,0,0,0,0,0,0,0,0,1,0,0,0,0
3077585,0,0,1,0,1,1,0,0,0,0,0,0,2,0,1,1,0
3077723,0,2,1,0,0,0,1,1,0,0,0,0,300,690,881,460,0
3077789,0,1,1,1,2,0,2,0,0,0,0,0,0,0,1,0,0
3078265,0,0,0,0,0,0,0,0,0,0,0,0,0,0,0,18,0
3080015,0,0,0,0,0,0,0,0,0,0,0,0,0,0,0,1,0
3082444,1663,3344,4542,3081,6257,2039,2886,6,0,0,0,7,679,550,1364,1273,913
3095343,0,0,0,0,0,0,0,0,0,0,0,0,0,0,0,2,0
3095364,1,7,10,3,10,2,8,0,0,0,0,0,2,2,2,3,5
3098075,0,0,0,0,0,0,0,0,0,0,0,0,0,5,0,1,0
3098076,0,0,0,0,0,0,0,0,0,0,0,0,0,0,1,1,0
3109595,0,0,1,0,0,0,0,0,0,0,0,0,0,0,0,0,0
3110287,0,0,0,0,0,0,0,0,0,0,0,0,0,69,0,0,0
3110288,0,0,0,0,0,0,0,0,0,0,0,0,0,3,0,0,0
3114300,0,0,0,0,0,0,0,0,0,0,0,0,0,0,0,1,0
3114367,0,244,0,1,101,0,93,0,0,0,0,0,31,60,0,0,0
3117553,1,4,0,3,3,0,0,0,0,0,0,0,0,0,1,0,0
3118174,0,0,0,0,1,0,0,0,0,0,0,0,0,0,0,0,0
3118768,0,0,0,0,0,0,0,0,0,0,0,0,0,0,0,2,0
3122075,0,2,1,4,4,0,1,1,0,0,0,0,102,217,55,77,7
3131995,143,279,400,241,536,164,265,0,0,0,0,0,64,85,119,109,88
3132797,0,0,1,0,0,0,0,0,0,0,0,0,0,0,0,483,0
3135646,0,0,1,0,0,0,0,0,0,0,0,0,0,0,0,0,0
3136731,0,0,0,1,0,0,0,0,0,0,0,0,0,1,0,0,0
3139729,0,0,0,0,0,0,0,0,0,0,0,0,0,0,0,1,0
3140381,0,0,1,0,0,0,0,0,0,0,0,0,1,0,0,0,0
3141537,5,1,0,0,0,0,1,0,0,0,0,0,2,2,4,1,1
3142977,0,0,0,0,0,0,0,0,0,0,0,0,0,1,1,0,1
